"scenario_id","design_id","innovation","innovation_label","dist_code","skewness","excess_kurtosis","assumption_status","severity_group","phi","phi_label","N","M","Q","L","seed","sigma2_long_run","B2_long_run","b_true","omega_M","omega_N","nu_oracle","aK_asym_full","factor_K_asym_full","factor_K_leading","variance_component","EL_component","leading_total_component","first_order_length_benchmark","aK_gaussian_exact","aK_exact_minus_asym"
"gaussian_phi050_N64","gaussian_phi050_N64_M4_Q16","gaussian","Gaussian",1,0,0,"inside formal moment assumptions","regular",0.5,"phi = 0.5",64,4,16,2,2140086795,3,4,1.33333333333333,2.0625,2.9375,0.702127659574468,-0.666666666666666,1.01041666666667,0.90625,0.333333333333333,0.09375,0.427083333333333,0.839802256702024,0.821906653180172,1.48857331984684
"gaussian_phi050_N64","gaussian_phi050_N64_M16_Q4","gaussian","Gaussian",1,0,0,"inside formal moment assumptions","regular",0.5,"phi = 0.5",64,16,4,5,2140086795,3,4,1.33333333333333,2.75000381469727,2.9375,0.936171511386303,17.3333333333333,0.729166666666667,0.625,0.0833333333333333,0.375,0.458333333333333,0.839802256702024,18.368609240782,1.03527590744865
"gaussian_phi050_N64","gaussian_phi050_N64_M8_Q8","gaussian","Gaussian",1,0,0,"inside formal moment assumptions","regular",0.5,"phi = 0.5",64,8,8,4,2140086795,3,4,1.33333333333333,2.501953125,2.9375,0.851728723404255,5.33333333333333,0.916666666666667,0.8125,0.166666666666667,0.1875,0.354166666666667,0.839802256702024,6.16933018797456,0.83599685464123
"gaussian_phi050_N125","gaussian_phi050_N125_M25_Q5","gaussian","Gaussian",1,0,0,"inside formal moment assumptions","regular",0.5,"phi = 0.5",125,25,5,7,53603332,3,4,1.33333333333333,2.84000000476837,2.968,0.956873316970476,30.8333333333333,0.753333333333333,0.7,0.0533333333333333,0.3,0.353333333333333,0.604025159206341,31.6834194152867,0.850086081953346
"gaussian_phi050_N125","gaussian_phi050_N125_M5_Q25","gaussian","Gaussian",1,0,0,"inside formal moment assumptions","regular",0.5,"phi = 0.5",125,5,25,2,53603332,3,4,1.33333333333333,2.225,2.968,0.74966307277628,0.833333333333334,0.993333333333333,0.94,0.266666666666667,0.06,0.326666666666667,0.604025159206341,1.94905596977878,1.11572263644544
"gaussian_phi050_N216","gaussian_phi050_N216_M36_Q6","gaussian","Gaussian",1,0,0,"inside formal moment assumptions","regular",0.5,"phi = 0.5",216,36,6,9,144603605,3,4,1.33333333333333,2.88888888889051,2.98148148148148,0.968944099379424,47.3333333333333,0.780864197530864,0.75,0.037037037037037,0.25,0.287037037037037,0.460539907302313,48.0481462907659,0.714812957432535
"gaussian_phi050_N216","gaussian_phi050_N216_M6_Q36","gaussian","Gaussian",1,0,0,"inside formal moment assumptions","regular",0.5,"phi = 0.5",216,6,36,3,144603605,3,4,1.33333333333333,2.34375,2.98148148148148,0.78610248447205,2.33333333333333,0.989197530864197,0.958333333333333,0.222222222222222,0.0416666666666667,0.263888888888889,0.460539907302313,3.21127662839752,0.877943295064186
"gaussian_phi050_N512","gaussian_phi050_N512_M8_Q64","gaussian","Gaussian",1,0,0,"inside formal moment assumptions","regular",0.5,"phi = 0.5",512,8,64,4,440604493,3,4,1.33333333333333,2.501953125,2.9921875,0.836161879895561,5.33333333333333,0.989583333333333,0.9765625,0.166666666666667,0.0234375,0.190104166666667,0.299666025886602,5.94588022725011,0.612546893916779
"gaussian_phi050_N512","gaussian_phi050_N512_M64_Q8","gaussian","Gaussian",1,0,0,"inside formal moment assumptions","regular",0.5,"phi = 0.5",512,64,8,11,440604493,3,4,1.33333333333333,2.9375,2.9921875,0.981723237597911,89.3333333333333,0.825520833333333,0.8125,0.0208333333333333,0.1875,0.208333333333333,0.299666025886602,89.8702424858033,0.536909152469974
"gaussian_phi050_N1000","gaussian_phi050_N1000_M10_Q100","gaussian","Gaussian",1,0,0,"inside formal moment assumptions","regular",0.5,"phi = 0.5",1000,10,100,5,928605957,3,4,1.33333333333333,2.600390625,2.996,0.867954147196262,8.33333333333333,0.991666666666667,0.985,0.133333333333333,0.015,0.148333333333333,0.214560113970883,8.80802211099166,0.474688777658329
"gaussian_phi050_N1000","gaussian_phi050_N1000_M100_Q10","gaussian","Gaussian",1,0,0,"inside formal moment assumptions","regular",0.5,"phi = 0.5",1000,100,10,13,928605957,3,4,1.33333333333333,2.96,2.996,0.987983978638184,143.333333333333,0.856666666666667,0.85,0.0133333333333333,0.15,0.163333333333333,0.214560113970883,143.760884561703,0.427551228369737
"gaussian_phi050_N4096","gaussian_phi050_N4096_M256_Q16","gaussian","Gaussian",1,0,0,"inside formal moment assumptions","regular",0.5,"phi = 0.5",4096,256,16,17,1877131599,3,4,1.33333333333333,2.984375,2.9990234375,0.995115597525236,377.333333333333,0.907877604166667,0.90625,0.00520833333333333,0.09375,0.0989583333333333,0.106068894536228,377.596485478114,0.263152144780918
"gaussian_phi050_N4096","gaussian_phi050_N4096_M64_Q64","gaussian","Gaussian",1,0,0,"inside formal moment assumptions","regular",0.5,"phi = 0.5",4096,64,64,17,1877131599,3,4,1.33333333333333,2.9375,2.9990234375,0.979485509605992,89.3333333333333,0.978190104166667,0.9765625,0.0208333333333333,0.0234375,0.0442708333333333,0.106068894536228,89.4610111439448,0.127677810611445
"gaussian_phi050_N4096","gaussian_phi050_N4096_M16_Q256","gaussian","Gaussian",1,0,0,"inside formal moment assumptions","regular",0.5,"phi = 0.5",4096,16,256,8,1877131599,3,4,1.33333333333333,2.75000381469727,2.9990234375,0.916966429908824,17.3333333333333,0.995768229166667,0.994140625,0.0833333333333333,0.005859375,0.0891927083333333,0.106068894536228,17.6226942499335,0.289360916600138
"gaussian_phi050_N4096","gaussian_phi050_N4096_M32_Q128","gaussian","Gaussian",1,0,0,"inside formal moment assumptions","regular",0.5,"phi = 0.5",4096,32,128,16,1877131599,3,4,1.33333333333333,2.8750000000291,2.9990234375,0.958645392390037,41.3333333333333,0.989908854166667,0.98828125,0.0416666666666667,0.01171875,0.0533854166666667,0.106068894536228,41.4992355580731,0.16590222473981
"gaussian_phi050_N4096","gaussian_phi050_N4096_M128_Q32","gaussian","Gaussian",1,0,0,"inside formal moment assumptions","regular",0.5,"phi = 0.5",4096,128,32,17,1877131599,3,4,1.33333333333333,2.96875,2.9990234375,0.989905568218821,185.333333333333,0.954752604166667,0.953125,0.0104166666666667,0.046875,0.0572916666666667,0.106068894536228,185.488796835895,0.155463502562071
"gaussian_phi050_N4096","gaussian_phi050_N4096_M8_Q512","gaussian","Gaussian",1,0,0,"inside formal moment assumptions","regular",0.5,"phi = 0.5",4096,8,512,4,1877131599,3,4,1.33333333333333,2.501953125,2.9990234375,0.834255942689678,5.33333333333333,0.998697916666667,0.9970703125,0.166666666666667,0.0029296875,0.169596354166667,0.106068894536228,5.91880518576113,0.585471852427799
"gaussian_phi050_N8000","gaussian_phi050_N8000_M400_Q20","gaussian","Gaussian",1,0,0,"inside formal moment assumptions","regular",0.5,"phi = 0.5",8000,400,20,19,1486176019,3,4,1.33333333333333,2.99,2.9995,0.996832805467578,593.333333333333,0.925833333333333,0.925,0.00333333333333333,0.075,0.0783333333333333,0.075902752692745,593.542275382286,0.208942048952849
"gaussian_phi050_N8000","gaussian_phi050_N8000_M20_Q400","gaussian","Gaussian",1,0,0,"inside formal moment assumptions","regular",0.5,"phi = 0.5",8000,20,400,10,1486176019,3,4,1.33333333333333,2.80000019073486,2.9995,0.933488978408022,23.3333333333333,0.997083333333333,0.99625,0.0666666666666667,0.00375,0.0704166666666667,0.075902752692745,23.5634164939496,0.230083160616271
"gaussian_phi050_N243","gaussian_phi050_N243_M9_Q27","gaussian","Gaussian",1,0,0,"inside formal moment assumptions","regular",0.5,"phi = 0.5",243,9,27,4,171603686,3,4,1.33333333333333,2.55642361111111,2.98353909465021,0.856842672413793,6.83333333333333,0.971879286694102,0.944444444444444,0.148148148148148,0.0555555555555556,0.203703703703704,0.43435099065005,7.42169735137338,0.588364018040046
"gaussian_phi050_N243","gaussian_phi050_N243_M27_Q9","gaussian","Gaussian",1,0,0,"inside formal moment assumptions","regular",0.5,"phi = 0.5",243,27,9,9,171603686,3,4,1.33333333333333,2.85185185295564,2.98353909465021,0.955862069335477,33.8333333333333,0.86076817558299,0.833333333333333,0.0493827160493827,0.166666666666667,0.216049382716049,0.43435099065005,34.3741270489647,0.540793715631388
"gaussian_phi050_N1024","gaussian_phi050_N1024_M16_Q64","gaussian","Gaussian",1,0,0,"inside formal moment assumptions","regular",0.5,"phi = 0.5",1024,16,64,8,952606029,3,4,1.33333333333333,2.75000381469727,2.99609375,0.91786307244133,17.3333333333333,0.983072916666667,0.9765625,0.0833333333333333,0.0234375,0.106770833333333,0.212034147120628,17.6571753000637,0.32384196673037
"gaussian_phi050_N1024","gaussian_phi050_N1024_M32_Q32","gaussian","Gaussian",1,0,0,"inside formal moment assumptions","regular",0.5,"phi = 0.5",1024,32,32,13,952606029,3,4,1.33333333333333,2.8750000000291,2.99609375,0.959582790100979,41.3333333333333,0.959635416666667,0.953125,0.0416666666666667,0.046875,0.0885416666666667,0.212034147120628,41.5804341081558,0.247100774822449
"gaussian_phi050_N1024","gaussian_phi050_N1024_M64_Q16","gaussian","Gaussian",1,0,0,"inside formal moment assumptions","regular",0.5,"phi = 0.5",1024,64,16,13,952606029,3,4,1.33333333333333,2.9375,2.99609375,0.980443285528031,89.3333333333333,0.912760416666667,0.90625,0.0208333333333333,0.09375,0.114583333333333,0.212034147120628,89.6360530283585,0.302719695025175
"gaussian_phi050_N3125","gaussian_phi050_N3125_M125_Q25","gaussian","Gaussian",1,0,0,"inside formal moment assumptions","regular",0.5,"phi = 0.5",3125,125,25,16,906128686,3,4,1.33333333333333,2.968,2.99872,0.989755629068403,180.833333333333,0.942133333333333,0.94,0.0106666666666667,0.06,0.0706666666666667,0.121428612877417,181.023329175494,0.189995842160613
"gaussian_phi050_N3125","gaussian_phi050_N3125_M25_Q125","gaussian","Gaussian",1,0,0,"inside formal moment assumptions","regular",0.5,"phi = 0.5",3125,25,125,12,906128686,3,4,1.33333333333333,2.84000000476837,2.99872,0.947070751776882,30.8333333333333,0.990133333333333,0.988,0.0533333333333333,0.012,0.0653333333333333,0.121428612877417,31.037591097663,0.204257764329668
"gaussian_phi050_N7776","gaussian_phi050_N7776_M216_Q36","gaussian","Gaussian",1,0,0,"inside formal moment assumptions","regular",0.5,"phi = 0.5",7776,216,36,19,1262175347,3,4,1.33333333333333,2.98148148148148,2.99948559670782,0.993997599039616,317.333333333333,0.959190672153635,0.958333333333333,0.00617283950617284,0.0416666666666667,0.0478395061728395,0.076988055574492,317.462769393717,0.129436060383455
"gaussian_phi050_N7776","gaussian_phi050_N7776_M36_Q216","gaussian","Gaussian",1,0,0,"inside formal moment assumptions","regular",0.5,"phi = 0.5",7776,36,216,18,1262175347,3,4,1.33333333333333,2.88888888889051,2.99948559670782,0.963128108386751,47.3333333333333,0.993912894375857,0.993055555555556,0.037037037037037,0.00694444444444444,0.0439814814814815,0.076988055574492,47.4730689297689,0.139735596435592
"gaussian_phi050_N100","gaussian_phi050_N100_M5_Q20","gaussian","Gaussian",1,0,0,"inside formal moment assumptions","regular",0.5,"phi = 0.5",100,5,20,2,28603257,3,4,1.33333333333333,2.225,2.96,0.751689189189189,0.833333333333334,0.991666666666667,0.925,0.266666666666667,0.075,0.341666666666667,0.674409908268098,1.95960564453119,1.12627231119786
"gaussian_phi050_N100","gaussian_phi050_N100_M10_Q10","gaussian","Gaussian",1,0,0,"inside formal moment assumptions","regular",0.5,"phi = 0.5",100,10,10,5,28603257,3,4,1.33333333333333,2.600390625,2.96,0.878510346283784,8.33333333333333,0.916666666666667,0.85,0.133333333333333,0.15,0.283333333333333,0.674409908268098,9.0235741641498,0.690240830816469
"gaussian_phi050_N100","gaussian_phi050_N100_M20_Q5","gaussian","Gaussian",1,0,0,"inside formal moment assumptions","regular",0.5,"phi = 0.5",100,20,5,7,28603257,3,4,1.33333333333333,2.80000019073486,2.96,0.9459460103834,23.3333333333333,0.766666666666667,0.7,0.0666666666666667,0.3,0.366666666666667,0.674409908268098,24.1965011056107,0.863167772277375
"gaussian_phi050_N225","gaussian_phi050_N225_M15_Q15","gaussian","Gaussian",1,0,0,"inside formal moment assumptions","regular",0.5,"phi = 0.5",225,15,15,7,153603632,3,4,1.33333333333333,2.73334147135417,2.98222222222222,0.916545202764065,15.8333333333333,0.92962962962963,0.9,0.0888888888888889,0.1,0.188888888888889,0.451291162201681,16.3227334898506,0.489400156517254
"gaussian_phi050_N400","gaussian_phi050_N400_M10_Q40","gaussian","Gaussian",1,0,0,"inside formal moment assumptions","regular",0.5,"phi = 0.5",400,10,40,5,328604157,3,4,1.33333333333333,2.600390625,2.99,0.869695861204013,8.33333333333333,0.979166666666667,0.9625,0.133333333333333,0.0375,0.170833333333333,0.338909455074293,8.84340750065603,0.510074167322694
"gaussian_phi050_N400","gaussian_phi050_N400_M40_Q10","gaussian","Gaussian",1,0,0,"inside formal moment assumptions","regular",0.5,"phi = 0.5",400,40,10,10,328604157,3,4,1.33333333333333,2.90000000000009,2.99,0.96989966555187,53.3333333333333,0.866666666666667,0.85,0.0333333333333333,0.15,0.183333333333333,0.338909455074293,53.8025301730476,0.469196839714314
"gaussian_phi050_N400","gaussian_phi050_N400_M20_Q20","gaussian","Gaussian",1,0,0,"inside formal moment assumptions","regular",0.5,"phi = 0.5",400,20,20,10,328604157,3,4,1.33333333333333,2.80000019073486,2.99,0.936454913289252,23.3333333333333,0.941666666666667,0.925,0.0666666666666667,0.075,0.141666666666667,0.338909455074293,23.7133884505675,0.380055117234189
"gaussian_phi050_N400","gaussian_phi050_N400_M5_Q80","gaussian","Gaussian",1,0,0,"inside formal moment assumptions","regular",0.5,"phi = 0.5",400,5,80,2,328604157,3,4,1.33333333333333,2.225,2.99,0.744147157190635,0.833333333333334,0.997916666666667,0.98125,0.266666666666667,0.01875,0.285416666666667,0.338909455074293,1.92047972786932,1.08714639453599
"gaussian_phi050_N400","gaussian_phi050_N400_M80_Q5","gaussian","Gaussian",1,0,0,"inside formal moment assumptions","regular",0.5,"phi = 0.5",400,80,5,10,328604157,3,4,1.33333333333333,2.95,2.99,0.986622073578595,113.333333333333,0.716666666666667,0.7,0.0166666666666667,0.3,0.316666666666667,0.338909455074293,114.148611313073,0.81527797973925
"gaussian_phi050_N8100","gaussian_phi050_N8100_M90_Q90","gaussian","Gaussian",1,0,0,"inside formal moment assumptions","regular",0.5,"phi = 0.5",8100,90,90,19,1586176319,3,4,1.33333333333333,2.95555555555556,2.99950617283951,0.98534738228515,128.333333333333,0.984156378600823,0.983333333333333,0.0148148148148148,0.0166666666666667,0.0314814814814815,0.0754328397076558,128.424992402451,0.0916590691173838
"gaussian_phi050_N8100","gaussian_phi050_N8100_M180_Q45","gaussian","Gaussian",1,0,0,"inside formal moment assumptions","regular",0.5,"phi = 0.5",8100,180,45,19,1586176319,3,4,1.33333333333333,2.97777777777778,2.99950617283951,0.992756009219625,263.333333333333,0.967489711934156,0.966666666666667,0.00740740740740741,0.0333333333333333,0.0407407407407407,0.0754328397076558,263.444748334367,0.111415001033322
"gaussian_phi050_N8100","gaussian_phi050_N8100_M45_Q180","gaussian","Gaussian",1,0,0,"inside formal moment assumptions","regular",0.5,"phi = 0.5",8100,45,180,19,1586176319,3,4,1.33333333333333,2.91111111111111,2.99950617283951,0.970530128416201,60.8333333333333,0.992489711934156,0.991666666666667,0.0296296296296296,0.00833333333333333,0.037962962962963,0.0754328397076558,60.9521636698046,0.118830336471234
"gaussian_phi050_N343","gaussian_phi050_N343_M49_Q7","gaussian","Gaussian",1,0,0,"inside formal moment assumptions","regular",0.5,"phi = 0.5",343,49,7,10,271603986,3,4,1.33333333333333,2.91836734693878,2.98833819241983,0.976585365853659,66.8333333333333,0.805150631681244,0.785714285714286,0.0272108843537415,0.214285714285714,0.241496598639456,0.365886090201279,67.4473894110648,0.614056077731519
"gaussian_phi050_N19683","gaussian_phi050_N19683_M729_Q27","gaussian","Gaussian",1,0,0,"inside formal moment assumptions","regular",0.5,"phi = 0.5",19683,729,27,22,284309192,3,4,1.33333333333333,2.99451303155007,2.9997967789463,0.998238631552206,1086.83333333333,0.944783146200613,0.944444444444444,0.00182898948331047,0.0555555555555556,0.057384545038866,0.0483925333108996,1086.98669069746,0.153357364123849
"gaussian_phi020_N64","gaussian_phi020_N64_M8_Q8","gaussian","Gaussian",1,0,0,"inside formal moment assumptions","regular",0.2,"phi = 0.2",64,8,8,4,2110065795,1.5,0.625,0.416666666666667,1.4218752,1.490234375,0.95412857457405,9.91666666666667,0.845052083333333,0.8125,0.0520833333333333,0.1875,0.239583333333333,0.598157273671886,10.1020349387655,0.18536827209879
"gaussian_phi020_N100","gaussian_phi020_N100_M10_Q10","gaussian","Gaussian",1,0,0,"inside formal moment assumptions","regular",0.2,"phi = 0.2",100,10,10,5,2146065903,1.5,0.625,0.416666666666667,1.4375000064,1.49375,0.962343100518829,12.9166666666667,0.870833333333333,0.85,0.0416666666666667,0.15,0.191666666666667,0.479089933662224,13.0687490438053,0.152082377138591
"gaussian_phi020_N225","gaussian_phi020_N225_M15_Q15","gaussian","Gaussian",1,0,0,"inside formal moment assumptions","regular",0.2,"phi = 0.2",225,15,15,7,123582632,1.5,0.625,0.416666666666667,1.4583333333347,1.49722222222222,0.974025974026886,20.4166666666667,0.909259259259259,0.9,0.0277777777777778,0.1,0.127777777777778,0.319764288523623,20.52153716951,0.104870502843365
"gaussian_phi020_N400","gaussian_phi020_N400_M20_Q20","gaussian","Gaussian",1,0,0,"inside formal moment assumptions","regular",0.2,"phi = 0.2",400,20,20,10,298583157,1.5,0.625,0.416666666666667,1.46875,1.4984375,0.980187695516163,27.9166666666667,0.930208333333333,0.925,0.0208333333333333,0.075,0.0958333333333333,0.239920527500959,27.9966640606906,0.0799973940239624
"gaussian_phi020_N1024","gaussian_phi020_N1024_M32_Q32","gaussian","Gaussian",1,0,0,"inside formal moment assumptions","regular",0.2,"phi = 0.2",1024,32,32,13,922585029,1.5,0.625,0.416666666666667,1.48046875,1.4993896484375,0.987380932996825,45.9166666666667,0.955159505208333,0.953125,0.0130208333333333,0.046875,0.0598958333333333,0.149997963406066,45.9676309777881,0.0509643111214046
"gaussian_phi020_N4096","gaussian_phi020_N4096_M64_Q64","gaussian","Gaussian",1,0,0,"inside formal moment assumptions","regular",0.2,"phi = 0.2",4096,64,64,17,1847110599,1.5,0.625,0.416666666666667,1.490234375,1.49984741210938,0.993590656601624,93.9166666666667,0.977071126302083,0.9765625,0.00651041666666667,0.0234375,0.0299479166666667,0.0750104294242147,93.942560041343,0.0258933746763006
"gaussian_phi020_N4096","gaussian_phi020_N4096_M256_Q16","gaussian","Gaussian",1,0,0,"inside formal moment assumptions","regular",0.2,"phi = 0.2",4096,256,16,17,1847110599,1.5,0.625,0.416666666666667,1.49755859375,1.49984741210938,0.998473965857529,381.916666666667,0.906758626302083,0.90625,0.00162760416666667,0.09375,0.0953776041666667,0.0750104294242147,381.996075435271,0.0794087686042531
"gaussian_phi020_N4096","gaussian_phi020_N4096_M16_Q256","gaussian","Gaussian",1,0,0,"inside formal moment assumptions","regular",0.2,"phi = 0.2",4096,16,256,8,1847110599,1.5,0.625,0.416666666666667,1.46093750000026,1.49984741210938,0.974057419578171,21.9166666666667,0.994649251302083,0.994140625,0.0260416666666667,0.005859375,0.0319010416666667,0.0750104294242147,21.948258560308,0.0315918936413411
"gaussian_phi020_N8100","gaussian_phi020_N8100_M90_Q90","gaussian","Gaussian",1,0,0,"inside formal moment assumptions","regular",0.2,"phi = 0.2",8100,90,90,19,1556155319,1.5,0.625,0.416666666666667,1.49305555555556,1.49992283950617,0.995421575183909,132.916666666667,0.983590534979424,0.983333333333333,0.00462962962962963,0.0166666666666667,0.0212962962962963,0.053342091050319,132.935165303106,0.0184986364391762
"gaussian_phi080_N64","gaussian_phi080_N64_M8_Q8","gaussian","Gaussian",1,0,0,"inside formal moment assumptions","regular",0.8,"phi = 0.8",64,8,8,4,22624149,9,40,4.44444444444445,4.8388608,8.37500039231886,0.577774396815308,-10.2222222222222,1.15972222222222,0.8125,0.555555555555556,0.1875,0.743055555555556,1.41801399698641,-1.96406522896799,8.25815699325424
"gaussian_phi080_N100","gaussian_phi080_N100_M10_Q10","gaussian","Gaussian",1,0,0,"inside formal moment assumptions","regular",0.8,"phi = 0.8",100,10,10,5,58624257,9,40,4.44444444444445,5.4294967296,8.60000000008148,0.631336829017274,-7.22222222222223,1.07222222222222,0.85,0.444444444444445,0.15,0.594444444444445,1.14954853500463,-0.62019618759307,6.60202603462916
"gaussian_phi080_N225","gaussian_phi080_N225_M15_Q15","gaussian","Gaussian",1,0,0,"inside formal moment assumptions","regular",0.8,"phi = 0.8",225,15,15,7,183624632,9,40,4.44444444444445,6.42715832557022,8.82222222222222,0.728519205669168,0.277777777777768,0.998765432098765,0.9,0.296296296296296,0.1,0.396296296296296,0.77620390647108,4.41283441052873,4.13505663275096
"gaussian_phi080_N400","gaussian_phi080_N400_M20_Q20","gaussian","Gaussian",1,0,0,"inside formal moment assumptions","regular",0.8,"phi = 0.8",400,20,20,10,358625157,9,40,4.44444444444445,7.02305843009214,8.9,0.789107688774397,7.77777777777777,0.980555555555556,0.925,0.222222222222222,0.075,0.297222222222222,0.584713464050365,10.7238580947551,2.94608031697733
"gaussian_phi080_N1024","gaussian_phi080_N1024_M32_Q32","gaussian","Gaussian",1,0,0,"inside formal moment assumptions","regular",0.8,"phi = 0.8",1024,32,32,13,982627029,9,40,4.44444444444445,7.75099035203143,8.9609375,0.864975383661746,25.7777777777778,0.974826388888889,0.953125,0.138888888888889,0.046875,0.185763888888889,0.366694868476033,27.5780566391991,1.80027886142131
"gaussian_phi080_N4096","gaussian_phi080_N4096_M64_Q64","gaussian","Gaussian",1,0,0,"inside formal moment assumptions","regular",0.8,"phi = 0.8",4096,64,64,17,1907152599,9,40,4.44444444444445,8.37500039231886,8.990234375,0.931566413397188,73.7777777777778,0.981987847222222,0.9765625,0.0694444444444445,0.0234375,0.0928819444444445,0.18364690757023,74.7114445403647,0.933666762586952
"gaussian_phi080_N4096","gaussian_phi080_N4096_M16_Q256","gaussian","Gaussian",1,0,0,"inside formal moment assumptions","regular",0.8,"phi = 0.8",4096,16,256,8,1907152599,9,40,4.44444444444445,6.57036874417766,8.990234375,0.73083397719291,1.77777777777777,0.999565972222222,0.994140625,0.277777777777778,0.005859375,0.283637152777778,0.18364690757023,5.42413280598632,3.64635502820855
"gaussian_phi080_N4096","gaussian_phi080_N4096_M256_Q16","gaussian","Gaussian",1,0,0,"inside formal moment assumptions","regular",0.8,"phi = 0.8",4096,256,16,17,1907152599,9,40,4.44444444444445,8.84375,8.990234375,0.983706278514013,361.777777777778,0.911675347222222,0.90625,0.0173611111111111,0.09375,0.111111111111111,0.18364690757023,362.757486038184,0.979708260406198
"gaussian_phi080_N8100","gaussian_phi080_N8100_M90_Q90","gaussian","Gaussian",1,0,0,"inside formal moment assumptions","regular",0.8,"phi = 0.8",8100,90,90,19,1616197319,9,40,4.44444444444445,8.55555555639873,8.99506172839506,0.951139171106639,112.777777777778,0.986076817558299,0.983333333333333,0.0493827160493827,0.0166666666666667,0.0660493827160494,0.130628413182143,113.450940861013,0.673163083235366
"laplace_phi050_N64","laplace_phi050_N64_M8_Q8","laplace","Standardized Laplace",2,0,3,"inside formal moment assumptions","regular",0.5,"phi = 0.5",64,8,8,4,2140086896,3,4,1.33333333333333,2.501953125,2.9375,0.851728723404255,6.83333333333333,0.893229166666667,0.8125,0.166666666666667,0.1875,0.354166666666667,0.839802256702024,NA,NA
"laplace_phi050_N400","laplace_phi050_N400_M20_Q20","laplace","Standardized Laplace",2,0,3,"inside formal moment assumptions","regular",0.5,"phi = 0.5",400,20,20,10,328604258,3,4,1.33333333333333,2.80000019073486,2.99,0.936454913289252,24.8333333333333,0.937916666666667,0.925,0.0666666666666667,0.075,0.141666666666667,0.338909455074293,NA,NA
"laplace_phi050_N1024","laplace_phi050_N1024_M32_Q32","laplace","Standardized Laplace",2,0,3,"inside formal moment assumptions","regular",0.5,"phi = 0.5",1024,32,32,13,952606130,3,4,1.33333333333333,2.8750000000291,2.99609375,0.959582790100979,42.8333333333333,0.958170572916667,0.953125,0.0416666666666667,0.046875,0.0885416666666667,0.212034147120628,NA,NA
"laplace_phi050_N100","laplace_phi050_N100_M10_Q10","laplace","Standardized Laplace",2,0,3,"inside formal moment assumptions","regular",0.5,"phi = 0.5",100,10,10,5,28603358,3,4,1.33333333333333,2.600390625,2.96,0.878510346283784,9.83333333333333,0.901666666666667,0.85,0.133333333333333,0.15,0.283333333333333,0.674409908268098,NA,NA
"laplace_phi050_N225","laplace_phi050_N225_M15_Q15","laplace","Standardized Laplace",2,0,3,"inside formal moment assumptions","regular",0.5,"phi = 0.5",225,15,15,7,153603733,3,4,1.33333333333333,2.73334147135417,2.98222222222222,0.916545202764065,17.3333333333333,0.922962962962963,0.9,0.0888888888888889,0.1,0.188888888888889,0.451291162201681,NA,NA
"laplace_phi080_N64","laplace_phi080_N64_M8_Q8","laplace","Standardized Laplace",2,0,3,"inside formal moment assumptions","regular",0.8,"phi = 0.8",64,8,8,4,22624250,9,40,4.44444444444445,4.8388608,8.37500039231886,0.577774396815308,-8.72222222222223,1.13628472222222,0.8125,0.555555555555556,0.1875,0.743055555555556,1.41801399698641,NA,NA
"laplace_phi080_N100","laplace_phi080_N100_M10_Q10","laplace","Standardized Laplace",2,0,3,"inside formal moment assumptions","regular",0.8,"phi = 0.8",100,10,10,5,58624358,9,40,4.44444444444445,5.4294967296,8.60000000008148,0.631336829017274,-5.72222222222223,1.05722222222222,0.85,0.444444444444445,0.15,0.594444444444445,1.14954853500463,NA,NA
"laplace_phi080_N225","laplace_phi080_N225_M15_Q15","laplace","Standardized Laplace",2,0,3,"inside formal moment assumptions","regular",0.8,"phi = 0.8",225,15,15,7,183624733,9,40,4.44444444444445,6.42715832557022,8.82222222222222,0.728519205669168,1.77777777777777,0.992098765432099,0.9,0.296296296296296,0.1,0.396296296296296,0.77620390647108,NA,NA
"laplace_phi080_N400","laplace_phi080_N400_M20_Q20","laplace","Standardized Laplace",2,0,3,"inside formal moment assumptions","regular",0.8,"phi = 0.8",400,20,20,10,358625258,9,40,4.44444444444445,7.02305843009214,8.9,0.789107688774397,9.27777777777777,0.976805555555556,0.925,0.222222222222222,0.075,0.297222222222222,0.584713464050365,NA,NA
"laplace_phi080_N1024","laplace_phi080_N1024_M32_Q32","laplace","Standardized Laplace",2,0,3,"inside formal moment assumptions","regular",0.8,"phi = 0.8",1024,32,32,13,982627130,9,40,4.44444444444445,7.75099035203143,8.9609375,0.864975383661746,27.2777777777778,0.973361545138889,0.953125,0.138888888888889,0.046875,0.185763888888889,0.366694868476033,NA,NA
"laplace_phi080_N4096","laplace_phi080_N4096_M64_Q64","laplace","Standardized Laplace",2,0,3,"inside formal moment assumptions","regular",0.8,"phi = 0.8",4096,64,64,17,1907152700,9,40,4.44444444444445,8.37500039231886,8.990234375,0.931566413397188,75.2777777777778,0.981621636284722,0.9765625,0.0694444444444445,0.0234375,0.0928819444444445,0.18364690757023,NA,NA
"laplace_phi080_N4096","laplace_phi080_N4096_M16_Q256","laplace","Standardized Laplace",2,0,3,"inside formal moment assumptions","regular",0.8,"phi = 0.8",4096,16,256,8,1907152700,9,40,4.44444444444445,6.57036874417766,8.990234375,0.73083397719291,3.27777777777777,0.999199761284722,0.994140625,0.277777777777778,0.005859375,0.283637152777778,0.18364690757023,NA,NA
"laplace_phi080_N4096","laplace_phi080_N4096_M256_Q16","laplace","Standardized Laplace",2,0,3,"inside formal moment assumptions","regular",0.8,"phi = 0.8",4096,256,16,17,1907152700,9,40,4.44444444444445,8.84375,8.990234375,0.983706278514013,363.277777777778,0.911309136284722,0.90625,0.0173611111111111,0.09375,0.111111111111111,0.18364690757023,NA,NA
"laplace_phi080_N8100","laplace_phi080_N8100_M90_Q90","laplace","Standardized Laplace",2,0,3,"inside formal moment assumptions","regular",0.8,"phi = 0.8",8100,90,90,19,1616197420,9,40,4.44444444444445,8.55555555639873,8.99506172839506,0.951139171106639,114.277777777778,0.985891632373114,0.983333333333333,0.0493827160493827,0.0166666666666667,0.0660493827160494,0.130628413182143,NA,NA
"laplace_phi020_N4096","laplace_phi020_N4096_M256_Q16","laplace","Standardized Laplace",2,0,3,"inside formal moment assumptions","regular",0.2,"phi = 0.2",4096,256,16,17,1847110700,1.5,0.625,0.416666666666667,1.49755859375,1.49984741210938,0.998473965857529,383.416666666667,0.906392415364583,0.90625,0.00162760416666667,0.09375,0.0953776041666667,0.0750104294242147,NA,NA
"laplace_phi020_N4096","laplace_phi020_N4096_M16_Q256","laplace","Standardized Laplace",2,0,3,"inside formal moment assumptions","regular",0.2,"phi = 0.2",4096,16,256,8,1847110700,1.5,0.625,0.416666666666667,1.46093750000026,1.49984741210938,0.974057419578171,23.4166666666667,0.994283040364583,0.994140625,0.0260416666666667,0.005859375,0.0319010416666667,0.0750104294242147,NA,NA
"laplace_phi020_N4096","laplace_phi020_N4096_M64_Q64","laplace","Standardized Laplace",2,0,3,"inside formal moment assumptions","regular",0.2,"phi = 0.2",4096,64,64,17,1847110700,1.5,0.625,0.416666666666667,1.490234375,1.49984741210938,0.993590656601624,95.4166666666667,0.976704915364583,0.9765625,0.00651041666666667,0.0234375,0.0299479166666667,0.0750104294242147,NA,NA
"laplace_phi050_N4096","laplace_phi050_N4096_M16_Q256","laplace","Standardized Laplace",2,0,3,"inside formal moment assumptions","regular",0.5,"phi = 0.5",4096,16,256,8,1877131700,3,4,1.33333333333333,2.75000381469727,2.9990234375,0.916966429908824,18.8333333333333,0.995402018229167,0.994140625,0.0833333333333333,0.005859375,0.0891927083333333,0.106068894536228,NA,NA
"laplace_phi050_N4096","laplace_phi050_N4096_M64_Q64","laplace","Standardized Laplace",2,0,3,"inside formal moment assumptions","regular",0.5,"phi = 0.5",4096,64,64,17,1877131700,3,4,1.33333333333333,2.9375,2.9990234375,0.979485509605992,90.8333333333333,0.977823893229167,0.9765625,0.0208333333333333,0.0234375,0.0442708333333333,0.106068894536228,NA,NA
"laplace_phi050_N4096","laplace_phi050_N4096_M256_Q16","laplace","Standardized Laplace",2,0,3,"inside formal moment assumptions","regular",0.5,"phi = 0.5",4096,256,16,17,1877131700,3,4,1.33333333333333,2.984375,2.9990234375,0.995115597525236,378.833333333333,0.907511393229167,0.90625,0.00520833333333333,0.09375,0.0989583333333333,0.106068894536228,NA,NA
"laplace_phi050_N8100","laplace_phi050_N8100_M90_Q90","laplace","Standardized Laplace",2,0,3,"inside formal moment assumptions","regular",0.5,"phi = 0.5",8100,90,90,19,1586176420,3,4,1.33333333333333,2.95555555555556,2.99950617283951,0.98534738228515,129.833333333333,0.983971193415638,0.983333333333333,0.0148148148148148,0.0166666666666667,0.0314814814814815,0.0754328397076558,NA,NA
"laplace_phi020_N64","laplace_phi020_N64_M8_Q8","laplace","Standardized Laplace",2,0,3,"inside formal moment assumptions","regular",0.2,"phi = 0.2",64,8,8,4,2110065896,1.5,0.625,0.416666666666667,1.4218752,1.490234375,0.95412857457405,11.4166666666667,0.821614583333333,0.8125,0.0520833333333333,0.1875,0.239583333333333,0.598157273671886,NA,NA
"laplace_phi020_N100","laplace_phi020_N100_M10_Q10","laplace","Standardized Laplace",2,0,3,"inside formal moment assumptions","regular",0.2,"phi = 0.2",100,10,10,5,2146066004,1.5,0.625,0.416666666666667,1.4375000064,1.49375,0.962343100518829,14.4166666666667,0.855833333333333,0.85,0.0416666666666667,0.15,0.191666666666667,0.479089933662224,NA,NA
"laplace_phi020_N225","laplace_phi020_N225_M15_Q15","laplace","Standardized Laplace",2,0,3,"inside formal moment assumptions","regular",0.2,"phi = 0.2",225,15,15,7,123582733,1.5,0.625,0.416666666666667,1.4583333333347,1.49722222222222,0.974025974026886,21.9166666666667,0.902592592592593,0.9,0.0277777777777778,0.1,0.127777777777778,0.319764288523623,NA,NA
"laplace_phi020_N400","laplace_phi020_N400_M20_Q20","laplace","Standardized Laplace",2,0,3,"inside formal moment assumptions","regular",0.2,"phi = 0.2",400,20,20,10,298583258,1.5,0.625,0.416666666666667,1.46875,1.4984375,0.980187695516163,29.4166666666667,0.926458333333333,0.925,0.0208333333333333,0.075,0.0958333333333333,0.239920527500959,NA,NA
"laplace_phi020_N1024","laplace_phi020_N1024_M32_Q32","laplace","Standardized Laplace",2,0,3,"inside formal moment assumptions","regular",0.2,"phi = 0.2",1024,32,32,13,922585130,1.5,0.625,0.416666666666667,1.48046875,1.4993896484375,0.987380932996825,47.4166666666667,0.953694661458333,0.953125,0.0130208333333333,0.046875,0.0598958333333333,0.149997963406066,NA,NA
"laplace_phi020_N8100","laplace_phi020_N8100_M90_Q90","laplace","Standardized Laplace",2,0,3,"inside formal moment assumptions","regular",0.2,"phi = 0.2",8100,90,90,19,1556155420,1.5,0.625,0.416666666666667,1.49305555555556,1.49992283950617,0.995421575183909,134.416666666667,0.983405349794239,0.983333333333333,0.00462962962962963,0.0166666666666667,0.0212962962962963,0.053342091050319,NA,NA
"centered_gamma4_phi020_N100","centered_gamma4_phi020_N100_M10_Q10","centered_gamma4","Centered Gamma(4)",3,1,1.5,"inside formal moment assumptions","regular",0.2,"phi = 0.2",100,10,10,5,2146066105,1.5,0.625,0.416666666666667,1.4375000064,1.49375,0.962343100518829,13.3333333333333,0.866666666666667,0.85,0.0416666666666667,0.15,0.191666666666667,0.479089933662224,NA,NA
"centered_gamma4_phi020_N225","centered_gamma4_phi020_N225_M15_Q15","centered_gamma4","Centered Gamma(4)",3,1,1.5,"inside formal moment assumptions","regular",0.2,"phi = 0.2",225,15,15,7,123582834,1.5,0.625,0.416666666666667,1.4583333333347,1.49722222222222,0.974025974026886,20.8333333333333,0.907407407407407,0.9,0.0277777777777778,0.1,0.127777777777778,0.319764288523623,NA,NA
"centered_gamma4_phi020_N400","centered_gamma4_phi020_N400_M20_Q20","centered_gamma4","Centered Gamma(4)",3,1,1.5,"inside formal moment assumptions","regular",0.2,"phi = 0.2",400,20,20,10,298583359,1.5,0.625,0.416666666666667,1.46875,1.4984375,0.980187695516163,28.3333333333333,0.929166666666667,0.925,0.0208333333333333,0.075,0.0958333333333333,0.239920527500959,NA,NA
"centered_gamma4_phi020_N64","centered_gamma4_phi020_N64_M8_Q8","centered_gamma4","Centered Gamma(4)",3,1,1.5,"inside formal moment assumptions","regular",0.2,"phi = 0.2",64,8,8,4,2110065997,1.5,0.625,0.416666666666667,1.4218752,1.490234375,0.95412857457405,10.3333333333333,0.838541666666667,0.8125,0.0520833333333333,0.1875,0.239583333333333,0.598157273671886,NA,NA
"centered_gamma4_phi050_N225","centered_gamma4_phi050_N225_M15_Q15","centered_gamma4","Centered Gamma(4)",3,1,1.5,"inside formal moment assumptions","regular",0.5,"phi = 0.5",225,15,15,7,153603834,3,4,1.33333333333333,2.73334147135417,2.98222222222222,0.916545202764065,16.25,0.927777777777778,0.9,0.0888888888888889,0.1,0.188888888888889,0.451291162201681,NA,NA
"centered_gamma4_phi050_N400","centered_gamma4_phi050_N400_M20_Q20","centered_gamma4","Centered Gamma(4)",3,1,1.5,"inside formal moment assumptions","regular",0.5,"phi = 0.5",400,20,20,10,328604359,3,4,1.33333333333333,2.80000019073486,2.99,0.936454913289252,23.75,0.940625,0.925,0.0666666666666667,0.075,0.141666666666667,0.338909455074293,NA,NA
"centered_gamma4_phi050_N1024","centered_gamma4_phi050_N1024_M32_Q32","centered_gamma4","Centered Gamma(4)",3,1,1.5,"inside formal moment assumptions","regular",0.5,"phi = 0.5",1024,32,32,13,952606231,3,4,1.33333333333333,2.8750000000291,2.99609375,0.959582790100979,41.75,0.959228515625,0.953125,0.0416666666666667,0.046875,0.0885416666666667,0.212034147120628,NA,NA
"centered_gamma4_phi050_N4096","centered_gamma4_phi050_N4096_M64_Q64","centered_gamma4","Centered Gamma(4)",3,1,1.5,"inside formal moment assumptions","regular",0.5,"phi = 0.5",4096,64,64,17,1877131801,3,4,1.33333333333333,2.9375,2.9990234375,0.979485509605992,89.75,0.97808837890625,0.9765625,0.0208333333333333,0.0234375,0.0442708333333333,0.106068894536228,NA,NA
"centered_gamma4_phi050_N4096","centered_gamma4_phi050_N4096_M256_Q16","centered_gamma4","Centered Gamma(4)",3,1,1.5,"inside formal moment assumptions","regular",0.5,"phi = 0.5",4096,256,16,17,1877131801,3,4,1.33333333333333,2.984375,2.9990234375,0.995115597525236,377.75,0.90777587890625,0.90625,0.00520833333333333,0.09375,0.0989583333333333,0.106068894536228,NA,NA
"centered_gamma4_phi050_N4096","centered_gamma4_phi050_N4096_M16_Q256","centered_gamma4","Centered Gamma(4)",3,1,1.5,"inside formal moment assumptions","regular",0.5,"phi = 0.5",4096,16,256,8,1877131801,3,4,1.33333333333333,2.75000381469727,2.9990234375,0.916966429908824,17.75,0.99566650390625,0.994140625,0.0833333333333333,0.005859375,0.0891927083333333,0.106068894536228,NA,NA
"centered_gamma4_phi050_N8100","centered_gamma4_phi050_N8100_M90_Q90","centered_gamma4","Centered Gamma(4)",3,1,1.5,"inside formal moment assumptions","regular",0.5,"phi = 0.5",8100,90,90,19,1586176521,3,4,1.33333333333333,2.95555555555556,2.99950617283951,0.98534738228515,128.75,0.984104938271605,0.983333333333333,0.0148148148148148,0.0166666666666667,0.0314814814814815,0.0754328397076558,NA,NA
"centered_gamma4_phi080_N64","centered_gamma4_phi080_N64_M8_Q8","centered_gamma4","Centered Gamma(4)",3,1,1.5,"inside formal moment assumptions","regular",0.8,"phi = 0.8",64,8,8,4,22624351,9,40,4.44444444444445,4.8388608,8.37500039231886,0.577774396815308,-9.80555555555557,1.15321180555556,0.8125,0.555555555555556,0.1875,0.743055555555556,1.41801399698641,NA,NA
"centered_gamma4_phi080_N100","centered_gamma4_phi080_N100_M10_Q10","centered_gamma4","Centered Gamma(4)",3,1,1.5,"inside formal moment assumptions","regular",0.8,"phi = 0.8",100,10,10,5,58624459,9,40,4.44444444444445,5.4294967296,8.60000000008148,0.631336829017274,-6.80555555555557,1.06805555555556,0.85,0.444444444444445,0.15,0.594444444444445,1.14954853500463,NA,NA
"centered_gamma4_phi080_N225","centered_gamma4_phi080_N225_M15_Q15","centered_gamma4","Centered Gamma(4)",3,1,1.5,"inside formal moment assumptions","regular",0.8,"phi = 0.8",225,15,15,7,183624834,9,40,4.44444444444445,6.42715832557022,8.82222222222222,0.728519205669168,0.694444444444435,0.996913580246914,0.9,0.296296296296296,0.1,0.396296296296296,0.77620390647108,NA,NA
"centered_gamma4_phi020_N1024","centered_gamma4_phi020_N1024_M32_Q32","centered_gamma4","Centered Gamma(4)",3,1,1.5,"inside formal moment assumptions","regular",0.2,"phi = 0.2",1024,32,32,13,922585231,1.5,0.625,0.416666666666667,1.48046875,1.4993896484375,0.987380932996825,46.3333333333333,0.954752604166667,0.953125,0.0130208333333333,0.046875,0.0598958333333333,0.149997963406066,NA,NA
"centered_gamma4_phi020_N4096","centered_gamma4_phi020_N4096_M64_Q64","centered_gamma4","Centered Gamma(4)",3,1,1.5,"inside formal moment assumptions","regular",0.2,"phi = 0.2",4096,64,64,17,1847110801,1.5,0.625,0.416666666666667,1.490234375,1.49984741210938,0.993590656601624,94.3333333333333,0.976969401041667,0.9765625,0.00651041666666667,0.0234375,0.0299479166666667,0.0750104294242147,NA,NA
"centered_gamma4_phi020_N4096","centered_gamma4_phi020_N4096_M256_Q16","centered_gamma4","Centered Gamma(4)",3,1,1.5,"inside formal moment assumptions","regular",0.2,"phi = 0.2",4096,256,16,17,1847110801,1.5,0.625,0.416666666666667,1.49755859375,1.49984741210938,0.998473965857529,382.333333333333,0.906656901041667,0.90625,0.00162760416666667,0.09375,0.0953776041666667,0.0750104294242147,NA,NA
"centered_gamma4_phi020_N4096","centered_gamma4_phi020_N4096_M16_Q256","centered_gamma4","Centered Gamma(4)",3,1,1.5,"inside formal moment assumptions","regular",0.2,"phi = 0.2",4096,16,256,8,1847110801,1.5,0.625,0.416666666666667,1.46093750000026,1.49984741210938,0.974057419578171,22.3333333333333,0.994547526041667,0.994140625,0.0260416666666667,0.005859375,0.0319010416666667,0.0750104294242147,NA,NA
"centered_gamma4_phi020_N8100","centered_gamma4_phi020_N8100_M90_Q90","centered_gamma4","Centered Gamma(4)",3,1,1.5,"inside formal moment assumptions","regular",0.2,"phi = 0.2",8100,90,90,19,1556155521,1.5,0.625,0.416666666666667,1.49305555555556,1.49992283950617,0.995421575183909,133.333333333333,0.983539094650206,0.983333333333333,0.00462962962962963,0.0166666666666667,0.0212962962962963,0.053342091050319,NA,NA
"centered_gamma4_phi050_N64","centered_gamma4_phi050_N64_M8_Q8","centered_gamma4","Centered Gamma(4)",3,1,1.5,"inside formal moment assumptions","regular",0.5,"phi = 0.5",64,8,8,4,2140086997,3,4,1.33333333333333,2.501953125,2.9375,0.851728723404255,5.75,0.91015625,0.8125,0.166666666666667,0.1875,0.354166666666667,0.839802256702024,NA,NA
"centered_gamma4_phi050_N100","centered_gamma4_phi050_N100_M10_Q10","centered_gamma4","Centered Gamma(4)",3,1,1.5,"inside formal moment assumptions","regular",0.5,"phi = 0.5",100,10,10,5,28603459,3,4,1.33333333333333,2.600390625,2.96,0.878510346283784,8.75,0.9125,0.85,0.133333333333333,0.15,0.283333333333333,0.674409908268098,NA,NA
"centered_gamma4_phi080_N4096","centered_gamma4_phi080_N4096_M16_Q256","centered_gamma4","Centered Gamma(4)",3,1,1.5,"inside formal moment assumptions","regular",0.8,"phi = 0.8",4096,16,256,8,1907152801,9,40,4.44444444444445,6.57036874417766,8.990234375,0.73083397719291,2.19444444444443,0.999464246961806,0.994140625,0.277777777777778,0.005859375,0.283637152777778,0.18364690757023,NA,NA
"centered_gamma4_phi080_N4096","centered_gamma4_phi080_N4096_M64_Q64","centered_gamma4","Centered Gamma(4)",3,1,1.5,"inside formal moment assumptions","regular",0.8,"phi = 0.8",4096,64,64,17,1907152801,9,40,4.44444444444445,8.37500039231886,8.990234375,0.931566413397188,74.1944444444444,0.981886121961806,0.9765625,0.0694444444444445,0.0234375,0.0928819444444445,0.18364690757023,NA,NA
"centered_gamma4_phi080_N4096","centered_gamma4_phi080_N4096_M256_Q16","centered_gamma4","Centered Gamma(4)",3,1,1.5,"inside formal moment assumptions","regular",0.8,"phi = 0.8",4096,256,16,17,1907152801,9,40,4.44444444444445,8.84375,8.990234375,0.983706278514013,362.194444444444,0.911573621961806,0.90625,0.0173611111111111,0.09375,0.111111111111111,0.18364690757023,NA,NA
"centered_gamma4_phi080_N400","centered_gamma4_phi080_N400_M20_Q20","centered_gamma4","Centered Gamma(4)",3,1,1.5,"inside formal moment assumptions","regular",0.8,"phi = 0.8",400,20,20,10,358625359,9,40,4.44444444444445,7.02305843009214,8.9,0.789107688774397,8.19444444444443,0.979513888888889,0.925,0.222222222222222,0.075,0.297222222222222,0.584713464050365,NA,NA
"centered_gamma4_phi080_N1024","centered_gamma4_phi080_N1024_M32_Q32","centered_gamma4","Centered Gamma(4)",3,1,1.5,"inside formal moment assumptions","regular",0.8,"phi = 0.8",1024,32,32,13,982627231,9,40,4.44444444444445,7.75099035203143,8.9609375,0.864975383661746,26.1944444444444,0.974419487847222,0.953125,0.138888888888889,0.046875,0.185763888888889,0.366694868476033,NA,NA
"centered_gamma4_phi080_N8100","centered_gamma4_phi080_N8100_M90_Q90","centered_gamma4","Centered Gamma(4)",3,1,1.5,"inside formal moment assumptions","regular",0.8,"phi = 0.8",8100,90,90,19,1616197521,9,40,4.44444444444445,8.55555555639873,8.99506172839506,0.951139171106639,113.194444444444,0.986025377229081,0.983333333333333,0.0493827160493827,0.0166666666666667,0.0660493827160494,0.130628413182143,NA,NA
"contaminated_normal_phi080_N4096","contaminated_normal_phi080_N4096_M64_Q64","contaminated_normal","Contaminated normal",4,0,16.9586776859504,"inside formal moment assumptions","extreme",0.8,"phi = 0.8",4096,64,64,17,1907152902,9,40,4.44444444444445,8.37500039231886,8.990234375,0.931566413397188,82.257116620753,0.979917696137511,0.9765625,0.0694444444444445,0.0234375,0.0928819444444445,0.18364690757023,NA,NA
"contaminated_normal_phi080_N4096","contaminated_normal_phi080_N4096_M256_Q16","contaminated_normal","Contaminated normal",4,0,16.9586776859504,"inside formal moment assumptions","extreme",0.8,"phi = 0.8",4096,256,16,17,1907152902,9,40,4.44444444444445,8.84375,8.990234375,0.983706278514013,370.257116620753,0.909605196137511,0.90625,0.0173611111111111,0.09375,0.111111111111111,0.18364690757023,NA,NA
"contaminated_normal_phi080_N4096","contaminated_normal_phi080_N4096_M16_Q256","contaminated_normal","Contaminated normal",4,0,16.9586776859504,"inside formal moment assumptions","extreme",0.8,"phi = 0.8",4096,16,256,8,1907152902,9,40,4.44444444444445,6.57036874417766,8.990234375,0.73083397719291,10.257116620753,0.997495821137511,0.994140625,0.277777777777778,0.005859375,0.283637152777778,0.18364690757023,NA,NA
"contaminated_normal_phi050_N225","contaminated_normal_phi050_N225_M15_Q15","contaminated_normal","Contaminated normal",4,0,16.9586776859504,"inside formal moment assumptions","extreme",0.5,"phi = 0.5",225,15,15,7,153603935,3,4,1.33333333333333,2.73334147135417,2.98222222222222,0.916545202764065,24.3126721763085,0.891943679216406,0.9,0.0888888888888889,0.1,0.188888888888889,0.451291162201681,NA,NA
"contaminated_normal_phi050_N400","contaminated_normal_phi050_N400_M20_Q20","contaminated_normal","Contaminated normal",4,0,16.9586776859504,"inside formal moment assumptions","extreme",0.5,"phi = 0.5",400,20,20,10,328604460,3,4,1.33333333333333,2.80000019073486,2.99,0.936454913289252,31.8126721763085,0.920468319559229,0.925,0.0666666666666667,0.075,0.141666666666667,0.338909455074293,NA,NA
"contaminated_normal_phi050_N1024","contaminated_normal_phi050_N1024_M32_Q32","contaminated_normal","Contaminated normal",4,0,16.9586776859504,"inside formal moment assumptions","extreme",0.5,"phi = 0.5",1024,32,32,13,952606332,3,4,1.33333333333333,2.8750000000291,2.99609375,0.959582790100979,49.8126721763085,0.951354812327824,0.953125,0.0416666666666667,0.046875,0.0885416666666667,0.212034147120628,NA,NA
"contaminated_normal_phi050_N4096","contaminated_normal_phi050_N4096_M64_Q64","contaminated_normal","Contaminated normal",4,0,16.9586776859504,"inside formal moment assumptions","extreme",0.5,"phi = 0.5",4096,64,64,17,1877131902,3,4,1.33333333333333,2.9375,2.9990234375,0.979485509605992,97.8126721763085,0.976119953081956,0.9765625,0.0208333333333333,0.0234375,0.0442708333333333,0.106068894536228,NA,NA
"contaminated_normal_phi050_N4096","contaminated_normal_phi050_N4096_M256_Q16","contaminated_normal","Contaminated normal",4,0,16.9586776859504,"inside formal moment assumptions","extreme",0.5,"phi = 0.5",4096,256,16,17,1877131902,3,4,1.33333333333333,2.984375,2.9990234375,0.995115597525236,385.812672176309,0.905807453081956,0.90625,0.00520833333333333,0.09375,0.0989583333333333,0.106068894536228,NA,NA
"contaminated_normal_phi050_N4096","contaminated_normal_phi050_N4096_M16_Q256","contaminated_normal","Contaminated normal",4,0,16.9586776859504,"inside formal moment assumptions","extreme",0.5,"phi = 0.5",4096,16,256,8,1877131902,3,4,1.33333333333333,2.75000381469727,2.9990234375,0.916966429908824,25.8126721763085,0.993698078081956,0.994140625,0.0833333333333333,0.005859375,0.0891927083333333,0.106068894536228,NA,NA
"contaminated_normal_phi080_N64","contaminated_normal_phi080_N64_M8_Q8","contaminated_normal","Contaminated normal",4,0,16.9586776859504,"inside formal moment assumptions","extreme",0.8,"phi = 0.8",64,8,8,4,22624452,9,40,4.44444444444445,4.8388608,8.37500039231886,0.577774396815308,-1.74288337924703,1.02723255280073,0.8125,0.555555555555556,0.1875,0.743055555555556,1.41801399698641,NA,NA
"contaminated_normal_phi080_N100","contaminated_normal_phi080_N100_M10_Q10","contaminated_normal","Contaminated normal",4,0,16.9586776859504,"inside formal moment assumptions","extreme",0.8,"phi = 0.8",100,10,10,5,58624560,9,40,4.44444444444445,5.4294967296,8.60000000008148,0.631336829017274,1.25711662075297,0.98742883379247,0.85,0.444444444444445,0.15,0.594444444444445,1.14954853500463,NA,NA
"contaminated_normal_phi080_N225","contaminated_normal_phi080_N225_M15_Q15","contaminated_normal","Contaminated normal",4,0,16.9586776859504,"inside formal moment assumptions","extreme",0.8,"phi = 0.8",225,15,15,7,183624935,9,40,4.44444444444445,6.42715832557022,8.82222222222222,0.728519205669168,8.75711662075297,0.961079481685542,0.9,0.296296296296296,0.1,0.396296296296296,0.77620390647108,NA,NA
"contaminated_normal_phi050_N64","contaminated_normal_phi050_N64_M8_Q8","contaminated_normal","Contaminated normal",4,0,16.9586776859504,"inside formal moment assumptions","extreme",0.5,"phi = 0.5",64,8,8,4,2140087098,3,4,1.33333333333333,2.501953125,2.9375,0.851728723404255,13.8126721763085,0.784176997245179,0.8125,0.166666666666667,0.1875,0.354166666666667,0.839802256702024,NA,NA
"contaminated_normal_phi050_N100","contaminated_normal_phi050_N100_M10_Q10","contaminated_normal","Contaminated normal",4,0,16.9586776859504,"inside formal moment assumptions","extreme",0.5,"phi = 0.5",100,10,10,5,28603560,3,4,1.33333333333333,2.600390625,2.96,0.878510346283784,16.8126721763085,0.831873278236915,0.85,0.133333333333333,0.15,0.283333333333333,0.674409908268098,NA,NA
"contaminated_normal_phi080_N1024","contaminated_normal_phi080_N1024_M32_Q32","contaminated_normal","Contaminated normal",4,0,16.9586776859504,"inside formal moment assumptions","extreme",0.8,"phi = 0.8",1024,32,32,13,982627332,9,40,4.44444444444445,7.75099035203143,8.9609375,0.864975383661746,34.257116620753,0.966545784550046,0.953125,0.138888888888889,0.046875,0.185763888888889,0.366694868476033,NA,NA
"contaminated_normal_phi080_N400","contaminated_normal_phi080_N400_M20_Q20","contaminated_normal","Contaminated normal",4,0,16.9586776859504,"inside formal moment assumptions","extreme",0.8,"phi = 0.8",400,20,20,10,358625460,9,40,4.44444444444445,7.02305843009214,8.9,0.789107688774397,16.257116620753,0.959357208448118,0.925,0.222222222222222,0.075,0.297222222222222,0.584713464050365,NA,NA
"centered_gamma05_phi050_N4096","centered_gamma05_phi050_N4096_M256_Q16","centered_gamma05","Centered Gamma(1/2)",5,2.82842712474619,12,"inside formal moment assumptions","extreme",0.5,"phi = 0.5",4096,256,16,17,1877132003,3,4,1.33333333333333,2.984375,2.9990234375,0.995115597525236,380.666666666667,0.907063802083333,0.90625,0.00520833333333333,0.09375,0.0989583333333333,0.106068894536228,NA,NA
"centered_gamma05_phi050_N4096","centered_gamma05_phi050_N4096_M16_Q256","centered_gamma05","Centered Gamma(1/2)",5,2.82842712474619,12,"inside formal moment assumptions","extreme",0.5,"phi = 0.5",4096,16,256,8,1877132003,3,4,1.33333333333333,2.75000381469727,2.9990234375,0.916966429908824,20.6666666666667,0.994954427083333,0.994140625,0.0833333333333333,0.005859375,0.0891927083333333,0.106068894536228,NA,NA
"centered_gamma05_phi050_N4096","centered_gamma05_phi050_N4096_M64_Q64","centered_gamma05","Centered Gamma(1/2)",5,2.82842712474619,12,"inside formal moment assumptions","extreme",0.5,"phi = 0.5",4096,64,64,17,1877132003,3,4,1.33333333333333,2.9375,2.9990234375,0.979485509605992,92.6666666666667,0.977376302083333,0.9765625,0.0208333333333333,0.0234375,0.0442708333333333,0.106068894536228,NA,NA
"centered_gamma05_phi080_N400","centered_gamma05_phi080_N400_M20_Q20","centered_gamma05","Centered Gamma(1/2)",5,2.82842712474619,12,"inside formal moment assumptions","extreme",0.8,"phi = 0.8",400,20,20,10,358625561,9,40,4.44444444444445,7.02305843009214,8.9,0.789107688774397,11.1111111111111,0.972222222222222,0.925,0.222222222222222,0.075,0.297222222222222,0.584713464050365,NA,NA
"centered_gamma05_phi080_N4096","centered_gamma05_phi080_N4096_M16_Q256","centered_gamma05","Centered Gamma(1/2)",5,2.82842712474619,12,"inside formal moment assumptions","extreme",0.8,"phi = 0.8",4096,16,256,8,1907153003,9,40,4.44444444444445,6.57036874417766,8.990234375,0.73083397719291,5.1111111111111,0.998752170138889,0.994140625,0.277777777777778,0.005859375,0.283637152777778,0.18364690757023,NA,NA
"centered_gamma05_phi080_N4096","centered_gamma05_phi080_N4096_M64_Q64","centered_gamma05","Centered Gamma(1/2)",5,2.82842712474619,12,"inside formal moment assumptions","extreme",0.8,"phi = 0.8",4096,64,64,17,1907153003,9,40,4.44444444444445,8.37500039231886,8.990234375,0.931566413397188,77.1111111111111,0.981174045138889,0.9765625,0.0694444444444445,0.0234375,0.0928819444444445,0.18364690757023,NA,NA
"centered_gamma05_phi080_N4096","centered_gamma05_phi080_N4096_M256_Q16","centered_gamma05","Centered Gamma(1/2)",5,2.82842712474619,12,"inside formal moment assumptions","extreme",0.8,"phi = 0.8",4096,256,16,17,1907153003,9,40,4.44444444444445,8.84375,8.990234375,0.983706278514013,365.111111111111,0.910861545138889,0.90625,0.0173611111111111,0.09375,0.111111111111111,0.18364690757023,NA,NA
"centered_gamma05_phi050_N64","centered_gamma05_phi050_N64_M8_Q8","centered_gamma05","Centered Gamma(1/2)",5,2.82842712474619,12,"inside formal moment assumptions","extreme",0.5,"phi = 0.5",64,8,8,4,2140087199,3,4,1.33333333333333,2.501953125,2.9375,0.851728723404255,8.66666666666667,0.864583333333333,0.8125,0.166666666666667,0.1875,0.354166666666667,0.839802256702024,NA,NA
"centered_gamma05_phi050_N100","centered_gamma05_phi050_N100_M10_Q10","centered_gamma05","Centered Gamma(1/2)",5,2.82842712474619,12,"inside formal moment assumptions","extreme",0.5,"phi = 0.5",100,10,10,5,28603661,3,4,1.33333333333333,2.600390625,2.96,0.878510346283784,11.6666666666667,0.883333333333333,0.85,0.133333333333333,0.15,0.283333333333333,0.674409908268098,NA,NA
"centered_gamma05_phi050_N225","centered_gamma05_phi050_N225_M15_Q15","centered_gamma05","Centered Gamma(1/2)",5,2.82842712474619,12,"inside formal moment assumptions","extreme",0.5,"phi = 0.5",225,15,15,7,153604036,3,4,1.33333333333333,2.73334147135417,2.98222222222222,0.916545202764065,19.1666666666667,0.914814814814815,0.9,0.0888888888888889,0.1,0.188888888888889,0.451291162201681,NA,NA
"centered_gamma05_phi050_N400","centered_gamma05_phi050_N400_M20_Q20","centered_gamma05","Centered Gamma(1/2)",5,2.82842712474619,12,"inside formal moment assumptions","extreme",0.5,"phi = 0.5",400,20,20,10,328604561,3,4,1.33333333333333,2.80000019073486,2.99,0.936454913289252,26.6666666666667,0.933333333333333,0.925,0.0666666666666667,0.075,0.141666666666667,0.338909455074293,NA,NA
"centered_gamma05_phi050_N1024","centered_gamma05_phi050_N1024_M32_Q32","centered_gamma05","Centered Gamma(1/2)",5,2.82842712474619,12,"inside formal moment assumptions","extreme",0.5,"phi = 0.5",1024,32,32,13,952606433,3,4,1.33333333333333,2.8750000000291,2.99609375,0.959582790100979,44.6666666666667,0.956380208333333,0.953125,0.0416666666666667,0.046875,0.0885416666666667,0.212034147120628,NA,NA
"centered_gamma05_phi080_N64","centered_gamma05_phi080_N64_M8_Q8","centered_gamma05","Centered Gamma(1/2)",5,2.82842712474619,12,"inside formal moment assumptions","extreme",0.8,"phi = 0.8",64,8,8,4,22624553,9,40,4.44444444444445,4.8388608,8.37500039231886,0.577774396815308,-6.8888888888889,1.10763888888889,0.8125,0.555555555555556,0.1875,0.743055555555556,1.41801399698641,NA,NA
"centered_gamma05_phi080_N100","centered_gamma05_phi080_N100_M10_Q10","centered_gamma05","Centered Gamma(1/2)",5,2.82842712474619,12,"inside formal moment assumptions","extreme",0.8,"phi = 0.8",100,10,10,5,58624661,9,40,4.44444444444445,5.4294967296,8.60000000008148,0.631336829017274,-3.8888888888889,1.03888888888889,0.85,0.444444444444445,0.15,0.594444444444445,1.14954853500463,NA,NA
"centered_gamma05_phi080_N225","centered_gamma05_phi080_N225_M15_Q15","centered_gamma05","Centered Gamma(1/2)",5,2.82842712474619,12,"inside formal moment assumptions","extreme",0.8,"phi = 0.8",225,15,15,7,183625036,9,40,4.44444444444445,6.42715832557022,8.82222222222222,0.728519205669168,3.6111111111111,0.983950617283951,0.9,0.296296296296296,0.1,0.396296296296296,0.77620390647108,NA,NA
"centered_gamma05_phi080_N1024","centered_gamma05_phi080_N1024_M32_Q32","centered_gamma05","Centered Gamma(1/2)",5,2.82842712474619,12,"inside formal moment assumptions","extreme",0.8,"phi = 0.8",1024,32,32,13,982627433,9,40,4.44444444444445,7.75099035203143,8.9609375,0.864975383661746,29.1111111111111,0.971571180555556,0.953125,0.138888888888889,0.046875,0.185763888888889,0.366694868476033,NA,NA
"student_t5_phi080_N4096","student_t5_phi080_N4096_M64_Q64","student_t5","Standardized t(5)",6,0,6,"outside formal 8+delta moment assumption","extreme",0.8,"phi = 0.8",4096,64,64,17,1907153104,9,40,4.44444444444445,8.37500039231886,8.990234375,0.931566413397188,76.7777777777778,0.981255425347222,0.9765625,0.0694444444444445,0.0234375,0.0928819444444445,0.18364690757023,NA,NA
"student_t5_phi080_N4096","student_t5_phi080_N4096_M16_Q256","student_t5","Standardized t(5)",6,0,6,"outside formal 8+delta moment assumption","extreme",0.8,"phi = 0.8",4096,16,256,8,1907153104,9,40,4.44444444444445,6.57036874417766,8.990234375,0.73083397719291,4.77777777777777,0.998833550347222,0.994140625,0.277777777777778,0.005859375,0.283637152777778,0.18364690757023,NA,NA
"student_t5_phi080_N4096","student_t5_phi080_N4096_M256_Q16","student_t5","Standardized t(5)",6,0,6,"outside formal 8+delta moment assumption","extreme",0.8,"phi = 0.8",4096,256,16,17,1907153104,9,40,4.44444444444445,8.84375,8.990234375,0.983706278514013,364.777777777778,0.910942925347222,0.90625,0.0173611111111111,0.09375,0.111111111111111,0.18364690757023,NA,NA
"student_t5_phi050_N64","student_t5_phi050_N64_M8_Q8","student_t5","Standardized t(5)",6,0,6,"outside formal 8+delta moment assumption","extreme",0.5,"phi = 0.5",64,8,8,4,2140087300,3,4,1.33333333333333,2.501953125,2.9375,0.851728723404255,8.33333333333333,0.869791666666667,0.8125,0.166666666666667,0.1875,0.354166666666667,0.839802256702024,NA,NA
"student_t5_phi050_N100","student_t5_phi050_N100_M10_Q10","student_t5","Standardized t(5)",6,0,6,"outside formal 8+delta moment assumption","extreme",0.5,"phi = 0.5",100,10,10,5,28603762,3,4,1.33333333333333,2.600390625,2.96,0.878510346283784,11.3333333333333,0.886666666666667,0.85,0.133333333333333,0.15,0.283333333333333,0.674409908268098,NA,NA
"student_t5_phi050_N225","student_t5_phi050_N225_M15_Q15","student_t5","Standardized t(5)",6,0,6,"outside formal 8+delta moment assumption","extreme",0.5,"phi = 0.5",225,15,15,7,153604137,3,4,1.33333333333333,2.73334147135417,2.98222222222222,0.916545202764065,18.8333333333333,0.916296296296296,0.9,0.0888888888888889,0.1,0.188888888888889,0.451291162201681,NA,NA
"student_t5_phi050_N400","student_t5_phi050_N400_M20_Q20","student_t5","Standardized t(5)",6,0,6,"outside formal 8+delta moment assumption","extreme",0.5,"phi = 0.5",400,20,20,10,328604662,3,4,1.33333333333333,2.80000019073486,2.99,0.936454913289252,26.3333333333333,0.934166666666667,0.925,0.0666666666666667,0.075,0.141666666666667,0.338909455074293,NA,NA
"student_t5_phi050_N1024","student_t5_phi050_N1024_M32_Q32","student_t5","Standardized t(5)",6,0,6,"outside formal 8+delta moment assumption","extreme",0.5,"phi = 0.5",1024,32,32,13,952606534,3,4,1.33333333333333,2.8750000000291,2.99609375,0.959582790100979,44.3333333333333,0.956705729166667,0.953125,0.0416666666666667,0.046875,0.0885416666666667,0.212034147120628,NA,NA
"student_t5_phi050_N4096","student_t5_phi050_N4096_M16_Q256","student_t5","Standardized t(5)",6,0,6,"outside formal 8+delta moment assumption","extreme",0.5,"phi = 0.5",4096,16,256,8,1877132104,3,4,1.33333333333333,2.75000381469727,2.9990234375,0.916966429908824,20.3333333333333,0.995035807291667,0.994140625,0.0833333333333333,0.005859375,0.0891927083333333,0.106068894536228,NA,NA
"student_t5_phi050_N4096","student_t5_phi050_N4096_M256_Q16","student_t5","Standardized t(5)",6,0,6,"outside formal 8+delta moment assumption","extreme",0.5,"phi = 0.5",4096,256,16,17,1877132104,3,4,1.33333333333333,2.984375,2.9990234375,0.995115597525236,380.333333333333,0.907145182291667,0.90625,0.00520833333333333,0.09375,0.0989583333333333,0.106068894536228,NA,NA
"student_t5_phi050_N4096","student_t5_phi050_N4096_M64_Q64","student_t5","Standardized t(5)",6,0,6,"outside formal 8+delta moment assumption","extreme",0.5,"phi = 0.5",4096,64,64,17,1877132104,3,4,1.33333333333333,2.9375,2.9990234375,0.979485509605992,92.3333333333333,0.977457682291667,0.9765625,0.0208333333333333,0.0234375,0.0442708333333333,0.106068894536228,NA,NA
"student_t5_phi080_N64","student_t5_phi080_N64_M8_Q8","student_t5","Standardized t(5)",6,0,6,"outside formal 8+delta moment assumption","extreme",0.8,"phi = 0.8",64,8,8,4,22624654,9,40,4.44444444444445,4.8388608,8.37500039231886,0.577774396815308,-7.22222222222223,1.11284722222222,0.8125,0.555555555555556,0.1875,0.743055555555556,1.41801399698641,NA,NA
"student_t5_phi080_N100","student_t5_phi080_N100_M10_Q10","student_t5","Standardized t(5)",6,0,6,"outside formal 8+delta moment assumption","extreme",0.8,"phi = 0.8",100,10,10,5,58624762,9,40,4.44444444444445,5.4294967296,8.60000000008148,0.631336829017274,-4.22222222222223,1.04222222222222,0.85,0.444444444444445,0.15,0.594444444444445,1.14954853500463,NA,NA
"student_t5_phi080_N225","student_t5_phi080_N225_M15_Q15","student_t5","Standardized t(5)",6,0,6,"outside formal 8+delta moment assumption","extreme",0.8,"phi = 0.8",225,15,15,7,183625137,9,40,4.44444444444445,6.42715832557022,8.82222222222222,0.728519205669168,3.27777777777777,0.985432098765432,0.9,0.296296296296296,0.1,0.396296296296296,0.77620390647108,NA,NA
"student_t5_phi080_N400","student_t5_phi080_N400_M20_Q20","student_t5","Standardized t(5)",6,0,6,"outside formal 8+delta moment assumption","extreme",0.8,"phi = 0.8",400,20,20,10,358625662,9,40,4.44444444444445,7.02305843009214,8.9,0.789107688774397,10.7777777777778,0.973055555555556,0.925,0.222222222222222,0.075,0.297222222222222,0.584713464050365,NA,NA
"student_t5_phi080_N1024","student_t5_phi080_N1024_M32_Q32","student_t5","Standardized t(5)",6,0,6,"outside formal 8+delta moment assumption","extreme",0.8,"phi = 0.8",1024,32,32,13,982627534,9,40,4.44444444444445,7.75099035203143,8.9609375,0.864975383661746,28.7777777777778,0.971896701388889,0.953125,0.138888888888889,0.046875,0.185763888888889,0.366694868476033,NA,NA
