"design_id","scenario_id_module","innovation_module","module","panel","series","phi_module","N_module","M_module","Q_module","x_order","alpha_nominal","C_nominal","note","innovation_label_module","dist_code","skewness","excess_kurtosis","assumption_status_module","severity_group_module","phi_label_module","alpha_effective","L_module","seed","scenario_id_result","innovation_result","innovation_label_result","assumption_status_result","severity_group_result","phi_result","phi_label_result","N_result","M_result","Q_result","L_result","B_point","B_CI","statistic","coverage","coverage_error","coverage_mcse","gaussian_paired_coverage_error","gaussian_paired_error_mcse","rejection","mean_statistic_finite","ci_subset_coverage","ci_subset_coverage_mcse","n_finite_lengths","mean_length","mean_length_mcse","sd_length","median_length","q25_length","q75_length","q90_length","q95_length","mean_component_length","normalized_mean_length","relative_mean_length_to_raw","disconnected_rate","nonregular_rate","interval_failure_rate","convex_failure_rate"
"gaussian_phi050_N4096_M64_Q64","gaussian_phi050_N4096","gaussian","fixed_N_sweep","N_4096","N = 4096",0.5,4096,64,64,64,NA,NA,"Direct fixed-N block-length comparison","Gaussian",1,0,0,"inside formal moment assumptions","regular","phi = 0.5",0.5,17,1877131599,"gaussian_phi050_N4096","gaussian","Gaussian","inside formal moment assumptions","regular",0.5,"phi = 0.5",4096,64,64,17,100000,20000,"V_oracle",0.94647,-0.00352999999999992,0.000711790271779546,-0.00314,0.000410491277655068,0.05353,1.03776354865385,0.9453,0.00160791650902651,20000,0.10607556822232,6.72485961875941e-05,0.00951038767790472,0.106012849920338,0.0995085061014322,0.112499471320281,0.118296989732635,0.121880365983374,0.10607556822232,1.00006291840903,1.0106906810227,0,0,0,0
"gaussian_phi050_N4096_M64_Q64","gaussian_phi050_N4096","gaussian","fixed_N_sweep","N_4096","N = 4096",0.5,4096,64,64,64,NA,NA,"Direct fixed-N block-length comparison","Gaussian",1,0,0,"inside formal moment assumptions","regular","phi = 0.5",0.5,17,1877131599,"gaussian_phi050_N4096","gaussian","Gaussian","inside formal moment assumptions","regular",0.5,"phi = 0.5",4096,64,64,17,100000,20000,"raw",0.94372,-0.00627999999999995,0.000728783655140536,-0.00589,0.000417558166664509,0.05628,1.05949862297739,0.94285,0.00164139997410747,20000,0.104953543367972,6.65266476058983e-05,0.0094082887303477,0.104890359407834,0.0984608481821328,0.111307609775007,0.11704617821346,0.120591567752841,0.104953543367972,0.989484653600538,1,0,0,0,0
"gaussian_phi050_N4096_M64_Q64","gaussian_phi050_N4096","gaussian","fixed_N_sweep","N_4096","N = 4096",0.5,4096,64,64,64,NA,NA,"Direct fixed-N block-length comparison","Gaussian",1,0,0,"inside formal moment assumptions","regular","phi = 0.5",0.5,17,1877131599,"gaussian_phi050_N4096","gaussian","Gaussian","inside formal moment assumptions","regular",0.5,"phi = 0.5",4096,64,64,17,100000,20000,"K_asym_full",0.94662,-0.00337999999999994,0.000710848616795447,-0.00299,0.000410380656370194,0.05338,1.03639106837469,0.9455,0.00160514407453038,20000,0.106147632870317,6.72949834985334e-05,0.00951694783432995,0.106084712178341,0.099575490525028,0.112576291532546,0.118376464299781,0.121963519566645,0.106147632870317,1.000742331995,1.01137731480069,0,0,0,0
"gaussian_phi050_N4096_M64_Q64","gaussian_phi050_N4096","gaussian","fixed_N_sweep","N_4096","N = 4096",0.5,4096,64,64,64,NA,NA,"Direct fixed-N block-length comparison","Gaussian",1,0,0,"inside formal moment assumptions","regular","phi = 0.5",0.5,17,1877131599,"gaussian_phi050_N4096","gaussian","Gaussian","inside formal moment assumptions","regular",0.5,"phi = 0.5",4096,64,64,17,100000,20000,"K_leading",0.94678,-0.00322,0.000709842458577958,-0.00283,0.000409416154072934,0.05322,1.03466662400135,0.94565,0.00160306078331422,20000,0.106238386577035,6.73534040078399e-05,0.00952520974198815,0.10617473063791,0.0996602242000278,0.112672757966782,0.118478083566477,0.122068240019259,0.106238386577035,1.0015979429365,1.01224201840007,0,0,0,0
"gaussian_phi050_N4096_M64_Q64","gaussian_phi050_N4096","gaussian","fixed_N_sweep","N_4096","N = 4096",0.5,4096,64,64,64,NA,NA,"Direct fixed-N block-length comparison","Gaussian",1,0,0,"inside formal moment assumptions","regular","phi = 0.5",0.5,17,1877131599,"gaussian_phi050_N4096","gaussian","Gaussian","inside formal moment assumptions","regular",0.5,"phi = 0.5",4096,64,64,17,100000,20000,"VK_asym_full_feasible",0.94874,-0.00125999999999993,0.000697369431506716,-0.00087,0.000416045865189908,0.05126,1.01655811895425,0.94775,0.00157353006803175,20000,0.107403390543087,7.19963663212514e-05,0.0101818237693095,0.107271875303624,0.100322631323977,0.114235064489882,0.1205136492267,0.124416270253963,0.107403390543087,1.01258140770387,1.02334220547968,0,0,0,0
"gaussian_phi050_N4096_M64_Q64","gaussian_phi050_N4096","gaussian","fixed_N_sweep","N_4096","N = 4096",0.5,4096,64,64,64,NA,NA,"Direct fixed-N block-length comparison","Gaussian",1,0,0,"inside formal moment assumptions","regular","phi = 0.5",0.5,17,1877131599,"gaussian_phi050_N4096","gaussian","Gaussian","inside formal moment assumptions","regular",0.5,"phi = 0.5",4096,64,64,17,100000,20000,"V_feasible",0.94616,-0.00383999999999995,0.00071373142287558,-0.00345,0.000422590535657873,0.05384,1.03922347468468,0.9455,0.00160514407453038,20000,0.106189756594876,7.11684461769043e-05,0.0100647381796398,0.106061156496337,0.0991943769777841,0.112943773559799,0.119153110033716,0.122984431034481,0.106189756594876,1.0011394675053,1.01177867070738,0,0,0,0
"gaussian_phi050_N4096_M64_Q64","gaussian_phi050_N4096","gaussian","fixed_N_sweep","N_4096","N = 4096",0.5,4096,64,64,64,NA,NA,"Direct fixed-N block-length comparison","Gaussian",1,0,0,"inside formal moment assumptions","regular","phi = 0.5",0.5,17,1877131599,"gaussian_phi050_N4096","gaussian","Gaussian","inside formal moment assumptions","regular",0.5,"phi = 0.5",4096,64,64,17,100000,20000,"VK_asym_full_oracle",0.94871,-0.0012899999999999,0.000697562440932709,-9e-04,0.000405701301372647,0.0512899999999999,1.01513003375808,0.9479,0.00157139412624586,20000,0.107283080285439,6.80261609777859e-05,0.00962035194509602,0.107210946555298,0.100639302422544,0.113781626791544,0.11964677748842,0.1232833108741,0.107283080285439,1.01144714248715,1.02219588631991,0,0,0,0
"gaussian_phi050_N4096_M64_Q64","gaussian_phi050_N4096","gaussian","fixed_N_sweep","N_4096","N = 4096",0.5,4096,64,64,64,NA,NA,"Direct fixed-N block-length comparison","Gaussian",1,0,0,"inside formal moment assumptions","regular","phi = 0.5",0.5,17,1877131599,"gaussian_phi050_N4096","gaussian","Gaussian","inside formal moment assumptions","regular",0.5,"phi = 0.5",4096,64,64,17,100000,20000,"VK_leading_oracle",0.94885,-0.00114999999999998,0.000696661162258957,-0.00076,0.000405210890720696,0.05115,1.01344096548228,0.94795,0.00157068134101096,20000,0.107374855002772,6.80852848735613e-05,0.00962871332662261,0.107302672314843,0.100724476154422,0.113878680936531,0.11974763921006,0.123390713901735,0.107374855002772,1.01231237934791,1.0230703181341,0,0,0,0
"gaussian_phi050_N4096_M64_Q64","gaussian_phi050_N4096","gaussian","fixed_N_sweep","N_4096","N = 4096",0.5,4096,64,64,64,NA,NA,"Direct fixed-N block-length comparison","Gaussian",1,0,0,"inside formal moment assumptions","regular","phi = 0.5",0.5,17,1877131599,"gaussian_phi050_N4096","gaussian","Gaussian","inside formal moment assumptions","regular",0.5,"phi = 0.5",4096,64,64,17,100000,20000,"F_feasible_leading",0.9489,-0.00109999999999999,0.000696338926098491,-0.00071,0.000415808475102275,0.0511,1.01486667449676,0.9479,0.00157139412624586,20000,0.107495637243125,7.20593250034748e-05,0.0101907274715365,0.107365721600864,0.100409161179009,0.114333656732884,0.120617893765065,0.124521922924367,0.107495637243125,1.01345109433953,1.02422113435694,0,0,0,0
"gaussian_phi050_N4096_M16_Q256","gaussian_phi050_N4096","gaussian","fixed_N_sweep","N_4096","N = 4096",0.5,4096,16,256,16,NA,NA,"Direct fixed-N block-length comparison","Gaussian",1,0,0,"inside formal moment assumptions","regular","phi = 0.5",0.333333333333333,8,1877131599,"gaussian_phi050_N4096","gaussian","Gaussian","inside formal moment assumptions","regular",0.5,"phi = 0.5",4096,16,256,8,100000,20000,"V_feasible",0.94858,-0.00141999999999998,0.000698398049825456,-0.00103,0.000303463856007794,0.05142,1.01472637614598,0.9485,0.00156281396845562,20000,0.106181915799288,3.84341716048751e-05,0.00543541267421892,0.106118594857467,0.102551874021265,0.109810708545196,0.11314997149976,0.115158046882932,0.106181915799288,1.00106554578092,1.04486711418348,0,0,0,0
"gaussian_phi050_N4096_M16_Q256","gaussian_phi050_N4096","gaussian","fixed_N_sweep","N_4096","N = 4096",0.5,4096,16,256,16,NA,NA,"Direct fixed-N block-length comparison","Gaussian",1,0,0,"inside formal moment assumptions","regular","phi = 0.5",0.333333333333333,8,1877131599,"gaussian_phi050_N4096","gaussian","Gaussian","inside formal moment assumptions","regular",0.5,"phi = 0.5",4096,16,256,8,100000,20000,"K_asym_full",0.93896,-0.0110399999999999,0.000757060885266172,-0.01065,0.000350666514897055,0.06104,1.0993740901208,0.939,0.00169232089155692,20000,0.101839724594618,3.20580622924792e-05,0.00453369464774256,0.101781699968587,0.0987910149418123,0.104862130853545,0.107624708312179,0.109352036035953,0.101839724594618,0.960128085051684,1.00213843709093,0,0,0,0
"gaussian_phi050_N4096_M16_Q256","gaussian_phi050_N4096","gaussian","fixed_N_sweep","N_4096","N = 4096",0.5,4096,16,256,16,NA,NA,"Direct fixed-N block-length comparison","Gaussian",1,0,0,"inside formal moment assumptions","regular","phi = 0.5",0.333333333333333,8,1877131599,"gaussian_phi050_N4096","gaussian","Gaussian","inside formal moment assumptions","regular",0.5,"phi = 0.5",4096,16,256,8,100000,20000,"K_leading",0.93915,-0.0108499999999999,0.000755958183367307,-0.01046,0.000348291683895798,0.06085,1.09757713998984,0.9391,0.00169102321095838,20000,0.101923678605177,3.20845123338449e-05,0.00453743524846503,0.101865562559251,0.0988724043514996,0.104948467800385,0.107713369397491,0.109442180001239,0.101923678605177,0.960919589582076,1.00296457385892,0,0,0,0
"gaussian_phi050_N4096_M16_Q256","gaussian_phi050_N4096","gaussian","fixed_N_sweep","N_4096","N = 4096",0.5,4096,16,256,16,NA,NA,"Direct fixed-N block-length comparison","Gaussian",1,0,0,"inside formal moment assumptions","regular","phi = 0.5",0.333333333333333,8,1877131599,"gaussian_phi050_N4096","gaussian","Gaussian","inside formal moment assumptions","regular",0.5,"phi = 0.5",4096,16,256,8,100000,20000,"V_oracle",0.94891,-0.00108999999999992,0.000696274456662026,-7e-04,0.00028177277008068,0.05109,1.01237326621274,0.94815,0.00156782616223866,20000,0.106159537752406,3.34191994856744e-05,0.00472618851562927,0.106094035496474,0.102982353716999,0.109310787936815,0.112192500230016,0.113979907009335,0.106159537752406,1.00085456925496,1.04464690639113,0,0,0,0
"gaussian_phi050_N4096_M16_Q256","gaussian_phi050_N4096","gaussian","fixed_N_sweep","N_4096","N = 4096",0.5,4096,16,256,16,NA,NA,"Direct fixed-N block-length comparison","Gaussian",1,0,0,"inside formal moment assumptions","regular","phi = 0.5",0.333333333333333,8,1877131599,"gaussian_phi050_N4096","gaussian","Gaussian","inside formal moment assumptions","regular",0.5,"phi = 0.5",4096,16,256,8,100000,20000,"F_feasible_leading",0.94918,-0.000819999999999932,0.000694530975551127,-0.00043,0.00030182621156987,0.05082,1.00878071378575,0.94885,0.00155778171609504,20000,0.10649791829962,3.85486797193746e-05,0.00545160656707163,0.106435440700063,0.102856430995404,0.11013715093714,0.113486437477062,0.115500170824024,0.10649791829962,1.00404476510544,1.04797668908719,0,0,0,0
"gaussian_phi050_N4096_M16_Q256","gaussian_phi050_N4096","gaussian","fixed_N_sweep","N_4096","N = 4096",0.5,4096,16,256,16,NA,NA,"Direct fixed-N block-length comparison","Gaussian",1,0,0,"inside formal moment assumptions","regular","phi = 0.5",0.333333333333333,8,1877131599,"gaussian_phi050_N4096","gaussian","Gaussian","inside formal moment assumptions","regular",0.5,"phi = 0.5",4096,16,256,8,100000,20000,"VK_asym_full_oracle",0.94937,-0.000629999999999908,0.000693300822875611,-0.00024,0.000281069767143569,0.05063,1.00808913455233,0.9487,0.00155994086426377,20000,0.106386711249392,3.34907898030781e-05,0.00473631291540996,0.106320643157158,0.103203067936416,0.10954422635175,0.112432158560839,0.114222904877132,0.106386711249392,1.00299632342312,1.04688237289621,0,0,0,0
"gaussian_phi050_N4096_M16_Q256","gaussian_phi050_N4096","gaussian","fixed_N_sweep","N_4096","N = 4096",0.5,4096,16,256,16,NA,NA,"Direct fixed-N block-length comparison","Gaussian",1,0,0,"inside formal moment assumptions","regular","phi = 0.5",0.333333333333333,8,1877131599,"gaussian_phi050_N4096","gaussian","Gaussian","inside formal moment assumptions","regular",0.5,"phi = 0.5",4096,16,256,8,100000,20000,"VK_leading_oracle",0.94948,-0.000519999999999965,0.000692587392319554,-0.00013,0.000279822468729979,0.05052,1.00644139160602,0.94875,0.00155922156058721,20000,0.106474474847342,3.35184472901851e-05,0.00474022427474675,0.106408226674142,0.103288281288086,0.109634567399428,0.11252486615885,0.11431677577117,0.106474474847342,1.00382374411355,1.04774599733385,0,0,0,0
"gaussian_phi050_N4096_M16_Q256","gaussian_phi050_N4096","gaussian","fixed_N_sweep","N_4096","N = 4096",0.5,4096,16,256,16,NA,NA,"Direct fixed-N block-length comparison","Gaussian",1,0,0,"inside formal moment assumptions","regular","phi = 0.5",0.333333333333333,8,1877131599,"gaussian_phi050_N4096","gaussian","Gaussian","inside formal moment assumptions","regular",0.5,"phi = 0.5",4096,16,256,8,100000,20000,"VK_asym_full_feasible",0.94905,-0.000950000000000006,0.0006953711059571,-0.00056,0.000301326686467893,0.0509500000000001,1.01043228666359,0.94885,0.00155778171609504,20000,0.106409856901285,3.85167692856094e-05,0.00544709375025043,0.106347144704424,0.102771403502929,0.110046343552566,0.113392726895956,0.115404830903183,0.106409856901285,1.00321453680221,1.04711013418981,0,0,0,0
"gaussian_phi050_N4096_M16_Q256","gaussian_phi050_N4096","gaussian","fixed_N_sweep","N_4096","N = 4096",0.5,4096,16,256,16,NA,NA,"Direct fixed-N block-length comparison","Gaussian",1,0,0,"inside formal moment assumptions","regular","phi = 0.5",0.333333333333333,8,1877131599,"gaussian_phi050_N4096","gaussian","Gaussian","inside formal moment assumptions","regular",0.5,"phi = 0.5",4096,16,256,8,100000,20000,"raw",0.93843,-0.01157,0.000760125878391204,-0.01118,0.000354896232036007,0.06157,1.1040461604613,0.93855,0.00169814453890121,20000,0.10162241146068,3.19895975373209e-05,0.00452401226921361,0.101564927525776,0.098580334498143,0.104638654916165,0.107395213585895,0.109118788145488,0.10162241146068,0.958079292756002,1,0,0,0,0
"gaussian_phi050_N4096_M256_Q16","gaussian_phi050_N4096","gaussian","fixed_N_sweep","N_4096","N = 4096",0.5,4096,256,16,256,NA,NA,"Direct fixed-N block-length comparison","Gaussian",1,0,0,"inside formal moment assumptions","regular","phi = 0.5",0.666666666666667,17,1877131599,"gaussian_phi050_N4096","gaussian","Gaussian","inside formal moment assumptions","regular",0.5,"phi = 0.5",4096,256,16,17,100000,20000,"VK_asym_full_feasible",0.93738,-0.01262,0.000766151000782483,-0.01223,0.000611398404544934,0.06262,1.1233631592098,0.93655,0.00172371832820795,20000,0.108166977149845,0.000143289433269753,0.020264185987484,0.107443223044111,0.0939506185508488,0.121571365011962,0.134506470606511,0.1427365072559,0.108166977149845,1.01978037597912,1.05390112142298,0,0,0,9e-05
"gaussian_phi050_N4096_M256_Q16","gaussian_phi050_N4096","gaussian","fixed_N_sweep","N_4096","N = 4096",0.5,4096,256,16,256,NA,NA,"Direct fixed-N block-length comparison","Gaussian",1,0,0,"inside formal moment assumptions","regular","phi = 0.5",0.666666666666667,17,1877131599,"gaussian_phi050_N4096","gaussian","Gaussian","inside formal moment assumptions","regular",0.5,"phi = 0.5",4096,256,16,17,100000,20000,"K_asym_full",0.93682,-0.01318,0.000769339246366647,-0.01279,0.000611937826645025,0.06318,1.12841233474527,0.936,0.00173066461222271,20000,0.107860995126665,0.00014224753934774,0.0201168399359775,0.107157839839111,0.0937418351044051,0.121139775780907,0.133956622981888,0.142237600425261,0.107860995126665,1.01689562805639,1.05091985296322,0,0,0,9e-05
"gaussian_phi050_N4096_M256_Q16","gaussian_phi050_N4096","gaussian","fixed_N_sweep","N_4096","N = 4096",0.5,4096,256,16,256,NA,NA,"Direct fixed-N block-length comparison","Gaussian",1,0,0,"inside formal moment assumptions","regular","phi = 0.5",0.666666666666667,17,1877131599,"gaussian_phi050_N4096","gaussian","Gaussian","inside formal moment assumptions","regular",0.5,"phi = 0.5",4096,256,16,17,100000,20000,"K_leading",0.93703,-0.0129699999999999,0.000768145683448133,-0.01258,0.000611245590750332,0.06297,1.12638936533913,0.93625,0.00172751175828126,20000,0.10796053021144,0.000142383637337099,0.0201360870982138,0.107257941665111,0.0938273131990305,0.121248707210241,0.13407815541514,0.142368532427863,0.10796053021144,1.01783402837828,1.05188965114219,0,0,0,9e-05
"gaussian_phi050_N4096_M256_Q16","gaussian_phi050_N4096","gaussian","fixed_N_sweep","N_4096","N = 4096",0.5,4096,256,16,256,NA,NA,"Direct fixed-N block-length comparison","Gaussian",1,0,0,"inside formal moment assumptions","regular","phi = 0.5",0.666666666666667,17,1877131599,"gaussian_phi050_N4096","gaussian","Gaussian","inside formal moment assumptions","regular",0.5,"phi = 0.5",4096,256,16,17,100000,20000,"V_oracle",0.92529,-0.02471,0.000831434999864692,-0.02432,0.000650299627015154,0.0747100000000001,1.23684151871506,0.9231,0.00188396377353706,20000,0.102893341429273,0.000135474528752362,0.0191589915917694,0.102219470041555,0.0894648765989188,0.115523748966401,0.127780992721881,0.135557911108185,0.102893341429273,0.970061410361255,1.002518613135,0,0,0,9e-05
"gaussian_phi050_N4096_M256_Q16","gaussian_phi050_N4096","gaussian","fixed_N_sweep","N_4096","N = 4096",0.5,4096,256,16,256,NA,NA,"Direct fixed-N block-length comparison","Gaussian",1,0,0,"inside formal moment assumptions","regular","phi = 0.5",0.666666666666667,17,1877131599,"gaussian_phi050_N4096","gaussian","Gaussian","inside formal moment assumptions","regular",0.5,"phi = 0.5",4096,256,16,17,100000,20000,"raw",0.92465,-0.02535,0.000834699811309431,-0.02496,0.000651900478403213,0.07535,1.24291240313283,0.92275,0.00188788820511173,20000,0.102634843963158,0.000135123114019328,0.019109294043622,0.101963766877842,0.0892395456529491,0.11523380484884,0.127451886571798,0.135207163676873,0.102634843963158,0.967624338991325,1,0,0,0,9e-05
"gaussian_phi050_N4096_M256_Q16","gaussian_phi050_N4096","gaussian","fixed_N_sweep","N_4096","N = 4096",0.5,4096,256,16,256,NA,NA,"Direct fixed-N block-length comparison","Gaussian",1,0,0,"inside formal moment assumptions","regular","phi = 0.5",0.666666666666667,17,1877131599,"gaussian_phi050_N4096","gaussian","Gaussian","inside formal moment assumptions","regular",0.5,"phi = 0.5",4096,256,16,17,100000,20000,"V_feasible",0.92524,-0.02476,0.000831690702124294,-0.02437,0.000651433246505539,0.07476,1.23735088744802,0.92345,0.00188002789208033,20000,0.102920756964206,0.000136096573556241,0.0192469620115743,0.102234850282089,0.0894330242229521,0.115621077110643,0.127924758444238,0.135705115807114,0.102920756964206,0.970319879491655,1.0027857303622,0,0,0,9e-05
"gaussian_phi050_N4096_M256_Q16","gaussian_phi050_N4096","gaussian","fixed_N_sweep","N_4096","N = 4096",0.5,4096,256,16,256,NA,NA,"Direct fixed-N block-length comparison","Gaussian",1,0,0,"inside formal moment assumptions","regular","phi = 0.5",0.666666666666667,17,1877131599,"gaussian_phi050_N4096","gaussian","Gaussian","inside formal moment assumptions","regular",0.5,"phi = 0.5",4096,256,16,17,100000,20000,"VK_asym_full_oracle",0.93745,-0.01255,0.000765751248774692,-0.01216,0.000610348317971544,0.06255,1.12290071474489,0.9367,0.0017218174990399,20000,0.108132819870926,0.0001426192521121,0.020169408059244,0.107432845436725,0.0939731373470331,0.121438578551012,0.134291264685167,0.142598883127209,0.108132819870926,1.01945834680113,1.05356831749792,0,0,0,9e-05
"gaussian_phi050_N4096_M256_Q16","gaussian_phi050_N4096","gaussian","fixed_N_sweep","N_4096","N = 4096",0.5,4096,256,16,256,NA,NA,"Direct fixed-N block-length comparison","Gaussian",1,0,0,"inside formal moment assumptions","regular","phi = 0.5",0.666666666666667,17,1877131599,"gaussian_phi050_N4096","gaussian","Gaussian","inside formal moment assumptions","regular",0.5,"phi = 0.5",4096,256,16,17,100000,20000,"VK_leading_oracle",0.93763,-0.01237,0.000764722061274552,-0.01198,0.000610220058409421,0.06237,1.12088762633552,0.9368,0.00172054874967262,20000,0.108232608148214,0.000142755738849131,0.0201887101987032,0.10753530549903,0.094060120878615,0.121553086907927,0.13441778516812,0.142727942569459,0.108232608148214,1.02039913418016,1.05454058260239,0,0,0,9e-05
"gaussian_phi050_N4096_M256_Q16","gaussian_phi050_N4096","gaussian","fixed_N_sweep","N_4096","N = 4096",0.5,4096,256,16,256,NA,NA,"Direct fixed-N block-length comparison","Gaussian",1,0,0,"inside formal moment assumptions","regular","phi = 0.5",0.666666666666667,17,1877131599,"gaussian_phi050_N4096","gaussian","Gaussian","inside formal moment assumptions","regular",0.5,"phi = 0.5",4096,256,16,17,100000,20000,"F_feasible_leading",0.9376,-0.0124,0.000764893718107294,-0.01201,0.000610951169581757,0.0624,1.12134924174977,0.93665,0.00172245141440913,20000,0.108266901195966,0.000143426858487649,0.02028362084818,0.107542182657607,0.0940384677958398,0.121681498659086,0.134637147736815,0.142872154202816,0.108266901195966,1.02072244336427,1.05487470936117,0,0,0,9e-05
"gaussian_phi050_N4096_M32_Q128","gaussian_phi050_N4096","gaussian","fixed_N_sweep","N_4096","N = 4096",0.5,4096,32,128,32,NA,NA,"Direct fixed-N block-length comparison","Gaussian",1,0,0,"inside formal moment assumptions","regular","phi = 0.5",0.416666666666667,16,1877131599,"gaussian_phi050_N4096","gaussian","Gaussian","inside formal moment assumptions","regular",0.5,"phi = 0.5",4096,32,128,16,100000,20000,"F_feasible_leading",0.94946,-0.000539999999999985,0.000692717174610245,-0.00015,0.000364556036859959,0.05054,1.01032222312017,0.94965,0.00154620305102532,20000,0.107053562061835,5.62922337754025e-05,0.0079609240461451,0.106986963143377,0.101639795729101,0.112338580593168,0.117153363338041,0.120358320855097,0.107053562061835,1.00928328262411,1.02984247582113,0,0,0,0
"gaussian_phi050_N4096_M32_Q128","gaussian_phi050_N4096","gaussian","fixed_N_sweep","N_4096","N = 4096",0.5,4096,32,128,32,NA,NA,"Direct fixed-N block-length comparison","Gaussian",1,0,0,"inside formal moment assumptions","regular","phi = 0.5",0.416666666666667,16,1877131599,"gaussian_phi050_N4096","gaussian","Gaussian","inside formal moment assumptions","regular",0.5,"phi = 0.5",4096,32,128,16,100000,20000,"K_asym_full",0.94452,-0.00547999999999993,0.000723892047200409,-0.00509,0.000351912144464459,0.05548,1.05351614365171,0.9445,0.00161894641665498,20000,0.104487572414086,4.69723802457747e-05,0.00664289772005207,0.104422800210831,0.0999688213206014,0.108876679438835,0.112953025050146,0.115448329773446,0.104487572414086,0.985091556492068,1.00515796200511,0,0,0,0
"gaussian_phi050_N4096_M32_Q128","gaussian_phi050_N4096","gaussian","fixed_N_sweep","N_4096","N = 4096",0.5,4096,32,128,32,NA,NA,"Direct fixed-N block-length comparison","Gaussian",1,0,0,"inside formal moment assumptions","regular","phi = 0.5",0.416666666666667,16,1877131599,"gaussian_phi050_N4096","gaussian","Gaussian","inside formal moment assumptions","regular",0.5,"phi = 0.5",4096,32,128,16,100000,20000,"K_leading",0.94467,-0.00532999999999995,0.000722970200630704,-0.00494,0.000350652525403619,0.05533,1.05178395663485,0.9446,0.00161757287316522,20000,0.10457483232568,4.70118526289833e-05,0.00664847995801934,0.104510039548418,0.100052158516741,0.108967546355202,0.113047243376809,0.115545178723667,0.10457483232568,0.985914228510812,1.00599739192846,0,0,0,0
"gaussian_phi050_N4096_M32_Q128","gaussian_phi050_N4096","gaussian","fixed_N_sweep","N_4096","N = 4096",0.5,4096,32,128,32,NA,NA,"Direct fixed-N block-length comparison","Gaussian",1,0,0,"inside formal moment assumptions","regular","phi = 0.5",0.416666666666667,16,1877131599,"gaussian_phi050_N4096","gaussian","Gaussian","inside formal moment assumptions","regular",0.5,"phi = 0.5",4096,32,128,16,100000,20000,"V_oracle",0.94809,-0.00190999999999997,0.000701536541457393,-0.00152,0.000344061157035777,0.05191,1.02024382615552,0.94805,0.00156925456029288,20000,0.106202935261761,4.77485096459579e-05,0.00675265899244162,0.10613657563322,0.101605004887155,0.110662866568494,0.114804943459315,0.117352450607386,0.106202935261761,1.00126371379771,1.02165954764092,0,0,0,0
"gaussian_phi050_N4096_M32_Q128","gaussian_phi050_N4096","gaussian","fixed_N_sweep","N_4096","N = 4096",0.5,4096,32,128,32,NA,NA,"Direct fixed-N block-length comparison","Gaussian",1,0,0,"inside formal moment assumptions","regular","phi = 0.5",0.416666666666667,16,1877131599,"gaussian_phi050_N4096","gaussian","Gaussian","inside formal moment assumptions","regular",0.5,"phi = 0.5",4096,32,128,16,100000,20000,"raw",0.9433,-0.00669999999999993,0.000731335148888661,-0.00631,0.000356234624975002,0.0567,1.06425570315621,0.94325,0.00163599262681713,20000,0.103951395067947,4.67298597670282e-05,0.00660860014503241,0.10388910179981,0.0994564280223819,0.108316654431013,0.112374084297108,0.114854902421436,0.103951395067947,0.980036565125529,1,0,0,0,0
"gaussian_phi050_N4096_M32_Q128","gaussian_phi050_N4096","gaussian","fixed_N_sweep","N_4096","N = 4096",0.5,4096,32,128,32,NA,NA,"Direct fixed-N block-length comparison","Gaussian",1,0,0,"inside formal moment assumptions","regular","phi = 0.5",0.416666666666667,16,1877131599,"gaussian_phi050_N4096","gaussian","Gaussian","inside formal moment assumptions","regular",0.5,"phi = 0.5",4096,32,128,16,100000,20000,"VK_asym_full_oracle",0.9494,-0.000599999999999934,0.000693106341047317,-0.00021,0.000340148079528843,0.0506,1.00994839692023,0.9496,0.00154692986266346,20000,0.106751081769965,4.79966042142485e-05,0.00678774486276439,0.106682443796269,0.102128581644041,0.111233807456724,0.115396960453389,0.117961745761847,0.106751081769965,1.00643154844518,1.02693265155497,0,0,0,0
"gaussian_phi050_N4096_M32_Q128","gaussian_phi050_N4096","gaussian","fixed_N_sweep","N_4096","N = 4096",0.5,4096,32,128,32,NA,NA,"Direct fixed-N block-length comparison","Gaussian",1,0,0,"inside formal moment assumptions","regular","phi = 0.5",0.416666666666667,16,1877131599,"gaussian_phi050_N4096","gaussian","Gaussian","inside formal moment assumptions","regular",0.5,"phi = 0.5",4096,32,128,16,100000,20000,"VK_leading_oracle",0.94962,-0.000379999999999936,0.000691678072516398,1e-05,0.000339560233259904,0.05038,1.00828784381776,0.94965,0.00154620305102532,20000,0.106840290128972,4.8036984308474e-05,0.00679345547045474,0.106771808434753,0.102214640217252,0.111327270532764,0.115493278782715,0.118061250369474,0.106840290128972,1.00727259010397,1.02779082530962,0,0,0,0
"gaussian_phi050_N4096_M32_Q128","gaussian_phi050_N4096","gaussian","fixed_N_sweep","N_4096","N = 4096",0.5,4096,32,128,32,NA,NA,"Direct fixed-N block-length comparison","Gaussian",1,0,0,"inside formal moment assumptions","regular","phi = 0.5",0.416666666666667,16,1877131599,"gaussian_phi050_N4096","gaussian","Gaussian","inside formal moment assumptions","regular",0.5,"phi = 0.5",4096,32,128,16,100000,20000,"VK_asym_full_feasible",0.94929,-0.000709999999999988,0.000693819111152179,-0.00032,0.00036496617377927,0.05071,1.01198612664968,0.9494,0.00154983289421795,20000,0.10696354665779,5.62446020588644e-05,0.00795418790419238,0.106896878615921,0.101554866312664,0.112243807413019,0.117054914362498,0.120256976692993,0.10696354665779,1.00843463227814,1.02897653838964,0,0,0,0
"gaussian_phi050_N4096_M32_Q128","gaussian_phi050_N4096","gaussian","fixed_N_sweep","N_4096","N = 4096",0.5,4096,32,128,32,NA,NA,"Direct fixed-N block-length comparison","Gaussian",1,0,0,"inside formal moment assumptions","regular","phi = 0.5",0.416666666666667,16,1877131599,"gaussian_phi050_N4096","gaussian","Gaussian","inside formal moment assumptions","regular",0.5,"phi = 0.5",4096,32,128,16,100000,20000,"V_feasible",0.94818,-0.00181999999999993,0.000700961394086721,-0.00143,0.000366170577475742,0.05182,1.02230232853266,0.94785,0.0015721065087964,20000,0.106410475681102,5.59519696277296e-05,0.00791280342890227,0.10634515954598,0.101031245442936,0.111661565330501,0.116450036377638,0.119634305460786,0.106410475681102,1.00322037055602,1.02365606167717,0,0,0,0
"gaussian_phi050_N4096_M8_Q512","gaussian_phi050_N4096","gaussian","fixed_N_sweep","N_4096","N = 4096",0.5,4096,8,512,8,NA,NA,"Direct fixed-N block-length comparison","Gaussian",1,0,0,"inside formal moment assumptions","regular","phi = 0.5",0.25,4,1877131599,"gaussian_phi050_N4096","gaussian","Gaussian","inside formal moment assumptions","regular",0.5,"phi = 0.5",4096,8,512,4,100000,20000,"K_leading",0.92664,-0.0233599999999999,0.000824489602117577,-0.02297,0.000474369098129729,0.07336,1.2066319334124,0.92675,0.00184234141108536,20000,0.0970257458428403,2.17312833874812e-05,0.00307326756943491,0.0970050840234716,0.0949277865165293,0.0990676187266993,0.100977625124171,0.102130415941743,0.0970257458428403,0.914742689334816,1.00147356709538,0,0,0,0
"gaussian_phi050_N4096_M8_Q512","gaussian_phi050_N4096","gaussian","fixed_N_sweep","N_4096","N = 4096",0.5,4096,8,512,8,NA,NA,"Direct fixed-N block-length comparison","Gaussian",1,0,0,"inside formal moment assumptions","regular","phi = 0.5",0.25,4,1877131599,"gaussian_phi050_N4096","gaussian","Gaussian","inside formal moment assumptions","regular",0.5,"phi = 0.5",4096,8,512,4,100000,20000,"V_oracle",0.94921,-0.000789999999999957,0.000694336920377996,-4e-04,0.000239580829762608,0.05079,1.00959766675275,0.9487,0.00155994086426377,20000,0.106110740198777,2.37664122035265e-05,0.00336107824671767,0.106087046343605,0.103816486967434,0.108345830388331,0.110434482552544,0.11169255653163,0.106110740198777,1.00039451398765,1.0952464273362,0,0,0,0
"gaussian_phi050_N4096_M8_Q512","gaussian_phi050_N4096","gaussian","fixed_N_sweep","N_4096","N = 4096",0.5,4096,8,512,8,NA,NA,"Direct fixed-N block-length comparison","Gaussian",1,0,0,"inside formal moment assumptions","regular","phi = 0.5",0.25,4,1877131599,"gaussian_phi050_N4096","gaussian","Gaussian","inside formal moment assumptions","regular",0.5,"phi = 0.5",4096,8,512,4,100000,20000,"V_feasible",0.94591,-0.00408999999999993,0.000715292051542585,-0.0037,0.000268819312249374,0.05409,1.03976736464327,0.94535,0.00160722396541366,20000,0.104611629030153,2.62101053604987e-05,0.0037066686472045,0.104594208609254,0.102063113482822,0.10711252967897,0.109392474434645,0.110791639235732,0.104611629030153,0.986261141756528,1.07977300637485,0,0,0,0
"gaussian_phi050_N4096_M8_Q512","gaussian_phi050_N4096","gaussian","fixed_N_sweep","N_4096","N = 4096",0.5,4096,8,512,8,NA,NA,"Direct fixed-N block-length comparison","Gaussian",1,0,0,"inside formal moment assumptions","regular","phi = 0.5",0.25,4,1877131599,"gaussian_phi050_N4096","gaussian","Gaussian","inside formal moment assumptions","regular",0.5,"phi = 0.5",4096,8,512,4,100000,20000,"raw",0.92617,-0.0238299999999999,0.000826916749739658,-0.02344,0.000478861104162335,0.07383,1.21017737494055,0.9266,0.00184407754717637,20000,0.096882982268068,2.16993045511102e-05,0.00306874507902443,0.0968623353752705,0.0947881258572612,0.0989217976570093,0.100828969979749,0.101980049435145,0.096882982268068,0.913396737956737,1,0,0,0,0
"gaussian_phi050_N4096_M8_Q512","gaussian_phi050_N4096","gaussian","fixed_N_sweep","N_4096","N = 4096",0.5,4096,8,512,8,NA,NA,"Direct fixed-N block-length comparison","Gaussian",1,0,0,"inside formal moment assumptions","regular","phi = 0.5",0.25,4,1877131599,"gaussian_phi050_N4096","gaussian","Gaussian","inside formal moment assumptions","regular",0.5,"phi = 0.5",4096,8,512,4,100000,20000,"K_asym_full",0.92642,-0.0235799999999999,0.000825626935122637,-0.02319,0.000476575817939919,0.07358,1.20860162315026,0.92665,0.00184349908462142,20000,0.0969463548856158,2.17134996987869e-05,0.00307075257606085,0.0969256863606666,0.0948501234164905,0.0989865261763686,0.100894960573103,0.102046800375281,0.0969463548856158,0.913994204516796,1.00065411505782,0,0,0,0
"gaussian_phi050_N4096_M8_Q512","gaussian_phi050_N4096","gaussian","fixed_N_sweep","N_4096","N = 4096",0.5,4096,8,512,8,NA,NA,"Direct fixed-N block-length comparison","Gaussian",1,0,0,"inside formal moment assumptions","regular","phi = 0.5",0.25,4,1877131599,"gaussian_phi050_N4096","gaussian","Gaussian","inside formal moment assumptions","regular",0.5,"phi = 0.5",4096,8,512,4,100000,20000,"VK_asym_full_oracle",0.94933,-0.000669999999999948,0.000693560026962339,-0.00028,0.000239999566661942,0.05067,1.0082830864575,0.9487,0.00155994086426377,20000,0.106180201489925,2.37819734152908e-05,0.00336327893439007,0.106156582518319,0.103884433044167,0.108416769330976,0.110506727208219,0.111765592297728,0.106180201489925,1.00104938355569,1.09596338803993,0,0,0,0
"gaussian_phi050_N4096_M8_Q512","gaussian_phi050_N4096","gaussian","fixed_N_sweep","N_4096","N = 4096",0.5,4096,8,512,8,NA,NA,"Direct fixed-N block-length comparison","Gaussian",1,0,0,"inside formal moment assumptions","regular","phi = 0.5",0.25,4,1877131599,"gaussian_phi050_N4096","gaussian","Gaussian","inside formal moment assumptions","regular",0.5,"phi = 0.5",4096,8,512,4,100000,20000,"VK_leading_oracle",0.94954,-0.000459999999999905,0.000692197864775672,-7e-05,0.000239792672959914,0.0504599999999999,1.00663986108843,0.94885,0.00155778171609504,20000,0.106267220187459,2.38014676842042e-05,0.00336603584033865,0.106243693539507,0.103969552264665,0.108505639689406,0.110597229599343,0.111857088682646,0.106267220187459,1.00186978144816,1.0968615715547,0,0,0,0
"gaussian_phi050_N4096_M8_Q512","gaussian_phi050_N4096","gaussian","fixed_N_sweep","N_4096","N = 4096",0.5,4096,8,512,8,NA,NA,"Direct fixed-N block-length comparison","Gaussian",1,0,0,"inside formal moment assumptions","regular","phi = 0.5",0.25,4,1877131599,"gaussian_phi050_N4096","gaussian","Gaussian","inside formal moment assumptions","regular",0.5,"phi = 0.5",4096,8,512,4,100000,20000,"VK_asym_full_feasible",0.94605,-0.00395000000000001,0.000714418627276753,-0.00356,0.000267346177716809,0.0539500000000001,1.03841350088722,0.9455,0.00160514407453038,20000,0.104680192906641,2.62272850289565e-05,0.00370909821921751,0.104662706220907,0.10212996831087,0.107182640291967,0.109464229379318,0.110864229530889,0.104680192906641,0.986907550647534,1.08048070420663,0,0,0,0
"gaussian_phi050_N4096_M8_Q512","gaussian_phi050_N4096","gaussian","fixed_N_sweep","N_4096","N = 4096",0.5,4096,8,512,8,NA,NA,"Direct fixed-N block-length comparison","Gaussian",1,0,0,"inside formal moment assumptions","regular","phi = 0.5",0.25,4,1877131599,"gaussian_phi050_N4096","gaussian","Gaussian","inside formal moment assumptions","regular",0.5,"phi = 0.5",4096,8,512,4,100000,20000,"F_feasible_leading",0.94626,-0.00373999999999997,0.000713105969684731,-0.00335,0.000266811706798763,0.05374,1.03672117119217,0.94565,0.00160306078331422,20000,0.10476608761144,2.62488068109592e-05,0.00371214185881698,0.104748520251696,0.10221372074772,0.107270477305487,0.109554163996268,0.11095516687004,0.10476608761144,0.987717351722347,1.08136728617169,0,0,0,0
"gaussian_phi050_N4096_M128_Q32","gaussian_phi050_N4096","gaussian","fixed_N_sweep","N_4096","N = 4096",0.5,4096,128,32,128,NA,NA,"Direct fixed-N block-length comparison","Gaussian",1,0,0,"inside formal moment assumptions","regular","phi = 0.5",0.583333333333333,17,1877131599,"gaussian_phi050_N4096","gaussian","Gaussian","inside formal moment assumptions","regular",0.5,"phi = 0.5",4096,128,32,17,100000,20000,"VK_asym_full_oracle",0.94636,-0.00363999999999998,0.000712479827082845,-0.00325,0.000496987771447598,0.05364,1.03483523891447,0.9446,0.00161757287316522,20000,0.108119787896077,9.85107313323165e-05,0.0139315212289454,0.107658940094232,0.0985917594722534,0.117509196317623,0.126083574706286,0.131389667077195,0.108119787896077,1.01933548349699,1.02972003446348,0,0,0,0
"gaussian_phi050_N4096_M128_Q32","gaussian_phi050_N4096","gaussian","fixed_N_sweep","N_4096","N = 4096",0.5,4096,128,32,128,NA,NA,"Direct fixed-N block-length comparison","Gaussian",1,0,0,"inside formal moment assumptions","regular","phi = 0.5",0.583333333333333,17,1877131599,"gaussian_phi050_N4096","gaussian","Gaussian","inside formal moment assumptions","regular",0.5,"phi = 0.5",4096,128,32,17,100000,20000,"VK_leading_oracle",0.94658,-0.00341999999999998,0.000711099877654328,-0.00303,0.000495591209674335,0.05342,1.03307111474312,0.9448,0.0016148213523483,20000,0.108215626559053,9.86005160935127e-05,0.0139442187116432,0.107752934216048,0.0986795818556471,0.117612544363163,0.126195837966015,0.131502655888779,0.108215626559053,1.02023903456533,1.03063279052103,0,0,0,0
"gaussian_phi050_N4096_M128_Q32","gaussian_phi050_N4096","gaussian","fixed_N_sweep","N_4096","N = 4096",0.5,4096,128,32,128,NA,NA,"Direct fixed-N block-length comparison","Gaussian",1,0,0,"inside formal moment assumptions","regular","phi = 0.5",0.583333333333333,17,1877131599,"gaussian_phi050_N4096","gaussian","Gaussian","inside formal moment assumptions","regular",0.5,"phi = 0.5",4096,128,32,17,100000,20000,"VK_asym_full_feasible",0.9463,-0.00369999999999993,0.000712855595474988,-0.00331,0.000498791466375748,0.0537,1.03565922449493,0.9447,0.00161619785298707,20000,0.108183678483527,0.000100119516710919,0.0141590378390822,0.107723661241107,0.0984785575930302,0.11772705566112,0.126429403836924,0.131873462221672,0.108183678483527,1.01993783339164,1.03032852083949,0,0,0,0
"gaussian_phi050_N4096_M128_Q32","gaussian_phi050_N4096","gaussian","fixed_N_sweep","N_4096","N = 4096",0.5,4096,128,32,128,NA,NA,"Direct fixed-N block-length comparison","Gaussian",1,0,0,"inside formal moment assumptions","regular","phi = 0.5",0.583333333333333,17,1877131599,"gaussian_phi050_N4096","gaussian","Gaussian","inside formal moment assumptions","regular",0.5,"phi = 0.5",4096,128,32,17,100000,20000,"F_feasible_leading",0.94642,-0.00357999999999992,0.000712103809847974,-0.00319,0.000498197471899658,0.05358,1.03389369564308,0.94475,0.00161550978796168,20000,0.108279772848167,0.000100211143701526,0.0141719958523617,0.107817561494456,0.0985648116599421,0.117831860211238,0.126545461116236,0.131989102054822,0.108279772848167,1.02084379517299,1.03124371216935,0,0,0,0
"gaussian_phi050_N4096_M128_Q32","gaussian_phi050_N4096","gaussian","fixed_N_sweep","N_4096","N = 4096",0.5,4096,128,32,128,NA,NA,"Direct fixed-N block-length comparison","Gaussian",1,0,0,"inside formal moment assumptions","regular","phi = 0.5",0.583333333333333,17,1877131599,"gaussian_phi050_N4096","gaussian","Gaussian","inside formal moment assumptions","regular",0.5,"phi = 0.5",4096,128,32,17,100000,20000,"raw",0.93957,-0.0104299999999999,0.000753513205590984,-0.01004,0.000514387626159786,0.06043,1.09493059305475,0.93755,0.00171099382669839,20000,0.104999207820999,9.55921983610121e-05,0.0135187783379202,0.104590482127091,0.0957637339333472,0.114125041405419,0.122435525766932,0.127566210218186,0.104999207820999,0.989915170513404,1,0,0,0,0
"gaussian_phi050_N4096_M128_Q32","gaussian_phi050_N4096","gaussian","fixed_N_sweep","N_4096","N = 4096",0.5,4096,128,32,128,NA,NA,"Direct fixed-N block-length comparison","Gaussian",1,0,0,"inside formal moment assumptions","regular","phi = 0.5",0.583333333333333,17,1877131599,"gaussian_phi050_N4096","gaussian","Gaussian","inside formal moment assumptions","regular",0.5,"phi = 0.5",4096,128,32,17,100000,20000,"K_asym_full",0.9453,-0.00469999999999993,0.000719082123265486,-0.00431,0.000497711478838053,0.0547,1.04538783510077,0.9435,0.00163260145167153,20000,0.107551748381178,9.79787613818812e-05,0.0138562893170774,0.107098542144484,0.098074912148551,0.116896176211432,0.125420919874634,0.130697207938978,0.107551748381178,1.01398010087154,1.02431009350595,0,0,0,0
"gaussian_phi050_N4096_M128_Q32","gaussian_phi050_N4096","gaussian","fixed_N_sweep","N_4096","N = 4096",0.5,4096,128,32,128,NA,NA,"Direct fixed-N block-length comparison","Gaussian",1,0,0,"inside formal moment assumptions","regular","phi = 0.5",0.583333333333333,17,1877131599,"gaussian_phi050_N4096","gaussian","Gaussian","inside formal moment assumptions","regular",0.5,"phi = 0.5",4096,128,32,17,100000,20000,"K_leading",0.9455,-0.00449999999999995,0.000717842252866185,-0.00411,0.000498330776026951,0.0545,1.0436057215053,0.9437,0.00162988205094725,20000,0.107647053026131,9.8067991967347e-05,0.0138689084274918,0.107190581541239,0.0981611806566431,0.116999640241685,0.12553181718429,0.130812012612265,0.107647053026131,1.01487861730626,1.02521776363919,0,0,0,0
"gaussian_phi050_N4096_M128_Q32","gaussian_phi050_N4096","gaussian","fixed_N_sweep","N_4096","N = 4096",0.5,4096,128,32,128,NA,NA,"Direct fixed-N block-length comparison","Gaussian",1,0,0,"inside formal moment assumptions","regular","phi = 0.5",0.583333333333333,17,1877131599,"gaussian_phi050_N4096","gaussian","Gaussian","inside formal moment assumptions","regular",0.5,"phi = 0.5",4096,128,32,17,100000,20000,"V_oracle",0.94105,-0.0089499999999999,0.00074481472528408,-0.00856,0.000509774325264255,0.0589499999999999,1.08387789087803,0.939,0.00169232089155692,20000,0.105552965957452,9.61094151736864e-05,0.0135919238410374,0.105133187089652,0.0962607061605373,0.114726030371337,0.123075437166956,0.128246261020195,0.105552965957452,0.995135910664175,1.00527392680331,0,0,0,0
"gaussian_phi050_N4096_M128_Q32","gaussian_phi050_N4096","gaussian","fixed_N_sweep","N_4096","N = 4096",0.5,4096,128,32,128,NA,NA,"Direct fixed-N block-length comparison","Gaussian",1,0,0,"inside formal moment assumptions","regular","phi = 0.5",0.583333333333333,17,1877131599,"gaussian_phi050_N4096","gaussian","Gaussian","inside formal moment assumptions","regular",0.5,"phi = 0.5",4096,128,32,17,100000,20000,"V_feasible",0.9411,-0.00889999999999991,0.000744518569278161,-0.00851,0.000514371893462743,0.0589,1.08474092657635,0.9391,0.00169102321095838,20000,0.105610204679357,9.76692551407121e-05,0.0138125185246873,0.105154263022113,0.096148298895034,0.11493119894969,0.123384996115031,0.128722023103437,0.105610204679357,0.995675547870311,1.00581906160092,0,0,0,0
"gaussian_phi050_N400_M20_Q20","gaussian_phi050_N400","gaussian","fixed_N_sweep","N_400","N = 400",0.5,400,20,20,20,NA,NA,"Direct fixed-N block-length comparison","Gaussian",1,0,0,"inside formal moment assumptions","regular","phi = 0.5",0.5,10,328604157,"gaussian_phi050_N400","gaussian","Gaussian","inside formal moment assumptions","regular",0.5,"phi = 0.5",400,20,20,10,100000,20000,"F_feasible_leading",0.93962,-0.0103799999999999,0.00075322145216397,-0.0099,0.000622433750882568,0.06038,1.09637615945051,0.93925,0.0016890742656852,20000,0.350384523267013,0.000471791687702809,0.0667214203364205,0.349231413318583,0.304161044893375,0.394490009935082,0.437067282661943,0.462909395943019,0.350384523267013,1.03385880216946,1.09004886721364,0,0,0,0
"gaussian_phi050_N400_M20_Q20","gaussian_phi050_N400","gaussian","fixed_N_sweep","N_400","N = 400",0.5,400,20,20,20,NA,NA,"Direct fixed-N block-length comparison","Gaussian",1,0,0,"inside formal moment assumptions","regular","phi = 0.5",0.5,10,328604157,"gaussian_phi050_N400","gaussian","Gaussian","inside formal moment assumptions","regular",0.5,"phi = 0.5",400,20,20,10,100000,20000,"raw",0.92143,-0.02857,0.000850862827369959,-0.02809,0.000644370755960194,0.07857,1.25127563114258,0.92125,0.00190457918580457,20000,0.321439280206455,0.000376367867930367,0.0532264543268571,0.320375271934234,0.284707926568075,0.356250792290407,0.390784569412979,0.411562100512526,0.321439280206455,0.948451792635857,1,0,0,0,0
"gaussian_phi050_N400_M20_Q20","gaussian_phi050_N400","gaussian","fixed_N_sweep","N_400","N = 400",0.5,400,20,20,20,NA,NA,"Direct fixed-N block-length comparison","Gaussian",1,0,0,"inside formal moment assumptions","regular","phi = 0.5",0.5,10,328604157,"gaussian_phi050_N400","gaussian","Gaussian","inside formal moment assumptions","regular",0.5,"phi = 0.5",400,20,20,10,100000,20000,"K_asym_full",0.92984,-0.02016,0.000807697804875066,-0.01968,0.000611825726254783,0.07016,1.17828455265926,0.9305,0.00179819006225705,20000,0.331603315319445,0.000388669193276424,0.0549661244408129,0.330415336023403,0.293687021747983,0.367569391470326,0.403181874303362,0.424856671819928,0.331603315319445,0.978442207364069,1.03162038910261,0,0,0,0
"gaussian_phi050_N400_M20_Q20","gaussian_phi050_N400","gaussian","fixed_N_sweep","N_400","N = 400",0.5,400,20,20,20,NA,NA,"Direct fixed-N block-length comparison","Gaussian",1,0,0,"inside formal moment assumptions","regular","phi = 0.5",0.5,10,328604157,"gaussian_phi050_N400","gaussian","Gaussian","inside formal moment assumptions","regular",0.5,"phi = 0.5",400,20,20,10,100000,20000,"K_leading",0.93211,-0.01789,0.00079549323001519,-0.01741,0.000605534958302043,0.06789,1.15742995880688,0.9332,0.00176547104196019,20000,0.334687057955521,0.000392410507051837,0.055495226109041,0.333485055975438,0.296387097646744,0.37101955001893,0.406909377769378,0.428767408911639,0.334687057955521,0.987541223605441,1.04121393546102,0,0,0,0
"gaussian_phi050_N400_M20_Q20","gaussian_phi050_N400","gaussian","fixed_N_sweep","N_400","N = 400",0.5,400,20,20,20,NA,NA,"Direct fixed-N block-length comparison","Gaussian",1,0,0,"inside formal moment assumptions","regular","phi = 0.5",0.5,10,328604157,"gaussian_phi050_N400","gaussian","Gaussian","inside formal moment assumptions","regular",0.5,"phi = 0.5",400,20,20,10,100000,20000,"V_oracle",0.93056,-0.0194399999999999,0.000803853757844049,-0.01896,0.000609104994306352,0.0694399999999999,1.17176321266258,0.93115,0.00179038651553233,20000,0.332558541650611,0.000389827650121574,0.0551299549789963,0.331378249781712,0.29452733247451,0.368644816556065,0.404329753079177,0.426082568336941,0.332558541650611,0.98126073696501,1.03459210534884,0,0,0,0
"gaussian_phi050_N400_M20_Q20","gaussian_phi050_N400","gaussian","fixed_N_sweep","N_400","N = 400",0.5,400,20,20,20,NA,NA,"Direct fixed-N block-length comparison","Gaussian",1,0,0,"inside formal moment assumptions","regular","phi = 0.5",0.5,10,328604157,"gaussian_phi050_N400","gaussian","Gaussian","inside formal moment assumptions","regular",0.5,"phi = 0.5",400,20,20,10,100000,20000,"V_feasible",0.92901,-0.02099,0.000812098638713303,-0.02051,0.0006504595529134,0.07099,1.18527152373028,0.9283,0.00182426848352977,20000,0.335994193320752,0.000452169371882608,0.0639464058206108,0.334841711473639,0.29168414692412,0.378221352243618,0.41903514145938,0.443527658566808,0.335994193320752,0.991398110292019,1.04528044333894,0,0,0,0
"gaussian_phi050_N400_M20_Q20","gaussian_phi050_N400","gaussian","fixed_N_sweep","N_400","N = 400",0.5,400,20,20,20,NA,NA,"Direct fixed-N block-length comparison","Gaussian",1,0,0,"inside formal moment assumptions","regular","phi = 0.5",0.5,10,328604157,"gaussian_phi050_N400","gaussian","Gaussian","inside formal moment assumptions","regular",0.5,"phi = 0.5",400,20,20,10,100000,20000,"VK_asym_full_oracle",0.93809,-0.01191,0.000762083669290978,-0.01143,0.000591436428511543,0.06191,1.10341035859059,0.9388,0.00169491238711622,20000,0.343088048295716,0.000402624998874677,0.056939773395902,0.341877564366673,0.30376210561273,0.380377542572532,0.417245583673431,0.439753239470702,0.343088048295716,1.01232952683633,1.0673494791158,0,0,0,0
"gaussian_phi050_N400_M20_Q20","gaussian_phi050_N400","gaussian","fixed_N_sweep","N_400","N = 400",0.5,400,20,20,20,NA,NA,"Direct fixed-N block-length comparison","Gaussian",1,0,0,"inside formal moment assumptions","regular","phi = 0.5",0.5,10,328604157,"gaussian_phi050_N400","gaussian","Gaussian","inside formal moment assumptions","regular",0.5,"phi = 0.5",400,20,20,10,100000,20000,"VK_leading_oracle",0.94001,-0.00998999999999994,0.000750940742668821,-0.00951,0.000586002587869994,0.05999,1.08388097171288,0.9403,0.00167534936655015,20000,0.346282679279851,0.000406517864888388,0.0574903077872112,0.345074313987608,0.306611673927641,0.383954968534068,0.42112090123171,0.443804670768644,0.346282679279851,1.02175573474025,1.07728799995271,0,0,0,0
"gaussian_phi050_N400_M20_Q20","gaussian_phi050_N400","gaussian","fixed_N_sweep","N_400","N = 400",0.5,400,20,20,20,NA,NA,"Direct fixed-N block-length comparison","Gaussian",1,0,0,"inside formal moment assumptions","regular","phi = 0.5",0.5,10,328604157,"gaussian_phi050_N400","gaussian","Gaussian","inside formal moment assumptions","regular",0.5,"phi = 0.5",400,20,20,10,100000,20000,"VK_asym_full_feasible",0.93714,-0.01286,0.000767519513758445,-0.01238,0.000628387861685,0.06286,1.11613068484601,0.93635,0.00172624849746495,20000,0.347030092275662,0.000467214191457187,0.0660740646091933,0.345873327187331,0.301236598880531,0.390706804963347,0.432846118322995,0.458349163429734,0.347030092275662,1.02396108187536,1.0796132073615,0,0,0,0
"gaussian_phi050_N400_M10_Q40","gaussian_phi050_N400","gaussian","fixed_N_sweep","N_400","N = 400",0.5,400,10,40,10,NA,NA,"Direct fixed-N block-length comparison","Gaussian",1,0,0,"inside formal moment assumptions","regular","phi = 0.5",0.38431089342012,5,328604157,"gaussian_phi050_N400","gaussian","Gaussian","inside formal moment assumptions","regular",0.5,"phi = 0.5",400,10,40,5,100000,20000,"VK_asym_full_oracle",0.945,-0.005,0.000720936890441875,-0.00452,0.000481038470374356,0.055,1.04321660870722,0.94485,0.00161413254567275,20000,0.341941190947268,0.000278707174091182,0.0394151465530429,0.341103118680105,0.314984646969355,0.368362148023999,0.392834635549091,0.40794959605422,0.341941190947268,1.00894556297437,1.08684747220062,0,0,0,0
"gaussian_phi050_N400_M10_Q40","gaussian_phi050_N400","gaussian","fixed_N_sweep","N_400","N = 400",0.5,400,10,40,10,NA,NA,"Direct fixed-N block-length comparison","Gaussian",1,0,0,"inside formal moment assumptions","regular","phi = 0.5",0.38431089342012,5,328604157,"gaussian_phi050_N400","gaussian","Gaussian","inside formal moment assumptions","regular",0.5,"phi = 0.5",400,10,40,5,100000,20000,"VK_leading_oracle",0.94703,-0.00296999999999992,0.000708266751302078,-0.00249,0.000476697253403787,0.05297,1.02545973026114,0.94705,0.00158345030708261,20000,0.345006821825878,0.000281278291918513,0.03977875752323,0.344139337593901,0.317811214707316,0.371676422408228,0.396368617632432,0.411664208342149,0.345006821825878,1.01799113792871,1.09659146695565,0,0,0,0
"gaussian_phi050_N400_M10_Q40","gaussian_phi050_N400","gaussian","fixed_N_sweep","N_400","N = 400",0.5,400,10,40,10,NA,NA,"Direct fixed-N block-length comparison","Gaussian",1,0,0,"inside formal moment assumptions","regular","phi = 0.5",0.38431089342012,5,328604157,"gaussian_phi050_N400","gaussian","Gaussian","inside formal moment assumptions","regular",0.5,"phi = 0.5",400,10,40,5,100000,20000,"VK_asym_full_feasible",0.9433,-0.00669999999999993,0.000731335148888661,-0.00622,0.000509524986783888,0.0567,1.06126182136674,0.943,0.00163937488086161,20000,0.341342958223693,0.000312765736671527,0.0442317546646486,0.340408533416584,0.311148610658777,0.370993937656733,0.398101790862528,0.415560427297747,0.341342958223693,1.00718039320817,1.08494601153832,0,0,0,0
"gaussian_phi050_N400_M10_Q40","gaussian_phi050_N400","gaussian","fixed_N_sweep","N_400","N = 400",0.5,400,10,40,10,NA,NA,"Direct fixed-N block-length comparison","Gaussian",1,0,0,"inside formal moment assumptions","regular","phi = 0.5",0.38431089342012,5,328604157,"gaussian_phi050_N400","gaussian","Gaussian","inside formal moment assumptions","regular",0.5,"phi = 0.5",400,10,40,5,100000,20000,"F_feasible_leading",0.94534,-0.00466,0.000718834364787884,-0.00418,0.000503217456253341,0.05466,1.04319779036475,0.9454,0.00160653104545166,20000,0.3444569630676,0.000315674291244942,0.0446430863971112,0.343513353583459,0.313928782399249,0.374351111714477,0.401753582232782,0.419430756992656,0.3444569630676,1.01636870234881,1.09484376115908,0,0,0,0
"gaussian_phi050_N400_M10_Q40","gaussian_phi050_N400","gaussian","fixed_N_sweep","N_400","N = 400",0.5,400,10,40,10,NA,NA,"Direct fixed-N block-length comparison","Gaussian",1,0,0,"inside formal moment assumptions","regular","phi = 0.5",0.38431089342012,5,328604157,"gaussian_phi050_N400","gaussian","Gaussian","inside formal moment assumptions","regular",0.5,"phi = 0.5",400,10,40,5,100000,20000,"V_feasible",0.94073,-0.00927,0.000746706549455675,-0.00879,0.000514519199155933,0.05927,1.08384186011922,0.94075,0.00166942261725424,20000,0.337566212259372,0.000309241188738437,0.0437333083158276,0.33666049613701,0.307749710399695,0.366887366303351,0.393749322964372,0.410902045507679,0.337566212259372,0.996036573206178,1.07294176369356,0,0,0,0
"gaussian_phi050_N400_M10_Q40","gaussian_phi050_N400","gaussian","fixed_N_sweep","N_400","N = 400",0.5,400,10,40,10,NA,NA,"Direct fixed-N block-length comparison","Gaussian",1,0,0,"inside formal moment assumptions","regular","phi = 0.5",0.38431089342012,5,328604157,"gaussian_phi050_N400","gaussian","Gaussian","inside formal moment assumptions","regular",0.5,"phi = 0.5",400,10,40,5,100000,20000,"raw",0.92401,-0.02599,0.000837947014434684,-0.02551,0.000562845953130756,0.07599,1.22504056221431,0.92435,0.00186985397157104,20000,0.314617459849186,0.000255907783988568,0.0361908258833478,0.31387345661087,0.28987568279836,0.338816596223425,0.361402829830644,0.375219234792088,0.314617459849186,0.92832305248084,1,0,0,0,0
"gaussian_phi050_N400_M10_Q40","gaussian_phi050_N400","gaussian","fixed_N_sweep","N_400","N = 400",0.5,400,10,40,10,NA,NA,"Direct fixed-N block-length comparison","Gaussian",1,0,0,"inside formal moment assumptions","regular","phi = 0.5",0.38431089342012,5,328604157,"gaussian_phi050_N400","gaussian","Gaussian","inside formal moment assumptions","regular",0.5,"phi = 0.5",400,10,40,5,100000,20000,"K_asym_full",0.92665,-0.02335,0.000824437853934425,-0.02287,0.000547971380389831,0.07335,1.19951888383484,0.9276,0.00183246064077786,20000,0.318061936878739,0.000258770971803157,0.0365957417872491,0.317297807286606,0.293039314281877,0.342552422128958,0.36534338139918,0.379377024940529,0.318061936878739,0.938486466271694,1.01094814328233,0,0,0,0
"gaussian_phi050_N400_M10_Q40","gaussian_phi050_N400","gaussian","fixed_N_sweep","N_400","N = 400",0.5,400,10,40,10,NA,NA,"Direct fixed-N block-length comparison","Gaussian",1,0,0,"inside formal moment assumptions","regular","phi = 0.5",0.38431089342012,5,328604157,"gaussian_phi050_N400","gaussian","Gaussian","inside formal moment assumptions","regular",0.5,"phi = 0.5",400,10,40,5,100000,20000,"K_leading",0.92915,-0.0208499999999999,0.000811358598278221,-0.02037,0.000536053639606192,0.07085,1.17910154113127,0.9304,0.00179938656213722,20000,0.320900294072663,0.000261132594992339,0.0369297257415847,0.320130048007299,0.295636575939154,0.345632544086278,0.368624421555528,0.382751851917993,0.320900294072663,0.946861438263259,1.01996975700741,0,0,0,0
"gaussian_phi050_N400_M10_Q40","gaussian_phi050_N400","gaussian","fixed_N_sweep","N_400","N = 400",0.5,400,10,40,10,NA,NA,"Direct fixed-N block-length comparison","Gaussian",1,0,0,"inside formal moment assumptions","regular","phi = 0.5",0.38431089342012,5,328604157,"gaussian_phi050_N400","gaussian","Gaussian","inside formal moment assumptions","regular",0.5,"phi = 0.5",400,10,40,5,100000,20000,"V_oracle",0.94258,-0.00741999999999998,0.000735682972482033,-0.00694,0.000487360994753778,0.05742,1.06541270676482,0.94255,0.00164544063247508,20000,0.338221313641377,0.000275591063299472,0.0389744619386935,0.337366040273803,0.311549183341139,0.36435348037359,0.388567792021561,0.403445724003235,0.338221313641377,0.997969541945162,1.07502397929061,0,0,0,0
"gaussian_phi050_N400_M40_Q10","gaussian_phi050_N400","gaussian","fixed_N_sweep","N_400","N = 400",0.5,400,40,10,40,NA,NA,"Direct fixed-N block-length comparison","Gaussian",1,0,0,"inside formal moment assumptions","regular","phi = 0.5",0.61568910657988,10,328604157,"gaussian_phi050_N400","gaussian","Gaussian","inside formal moment assumptions","regular",0.5,"phi = 0.5",400,40,10,10,100000,20000,"raw",0.8943,-0.0557,0.000972252590636816,-0.05522,0.000830610868664835,0.1057,1.59150415928881,0.89485,0.00216902601989925,20000,0.308072226842653,0.000522386328274497,0.0738765830244078,0.304574196731779,0.256938548178338,0.356555978123402,0.405584958519863,0.434450513288711,0.308072226842653,0.909010422194093,1,0,0,0,0.00187
"gaussian_phi050_N400_M40_Q10","gaussian_phi050_N400","gaussian","fixed_N_sweep","N_400","N = 400",0.5,400,40,10,40,NA,NA,"Direct fixed-N block-length comparison","Gaussian",1,0,0,"inside formal moment assumptions","regular","phi = 0.5",0.61568910657988,10,328604157,"gaussian_phi050_N400","gaussian","Gaussian","inside formal moment assumptions","regular",0.5,"phi = 0.5",400,40,10,10,100000,20000,"K_asym_full",0.91338,-0.03662,0.000889477237482781,-0.03614,0.000768469198764072,0.08662,1.37930360471697,0.91465,0.00197566922206122,20000,0.330568753327682,0.000561701066302839,0.0794365265964904,0.326764840111034,0.275472828886248,0.382639292886519,0.435551480331835,0.466292597167455,0.330568753327682,0.975389586741441,1.07302354618457,0,0,0,0.00187
"gaussian_phi050_N400_M40_Q10","gaussian_phi050_N400","gaussian","fixed_N_sweep","N_400","N = 400",0.5,400,40,10,40,NA,NA,"Direct fixed-N block-length comparison","Gaussian",1,0,0,"inside formal moment assumptions","regular","phi = 0.5",0.61568910657988,10,328604157,"gaussian_phi050_N400","gaussian","Gaussian","inside formal moment assumptions","regular",0.5,"phi = 0.5",400,40,10,10,100000,20000,"K_leading",0.91576,-0.0342399999999999,0.000878314422060802,-0.03376,0.000759215640041669,0.08424,1.35277853539549,0.9174,0.00194649993578217,20000,0.333732130595345,0.0005672513632375,0.08022145711651,0.329927145867491,0.278118829069642,0.386346004836729,0.439710040529511,0.470842699406893,0.333732130595345,0.984723576160444,1.08329184365522,0,0,0,0.00187
"gaussian_phi050_N400_M40_Q10","gaussian_phi050_N400","gaussian","fixed_N_sweep","N_400","N = 400",0.5,400,40,10,40,NA,NA,"Direct fixed-N block-length comparison","Gaussian",1,0,0,"inside formal moment assumptions","regular","phi = 0.5",0.61568910657988,10,328604157,"gaussian_phi050_N400","gaussian","Gaussian","inside formal moment assumptions","regular",0.5,"phi = 0.5",400,40,10,10,100000,20000,"V_oracle",0.89882,-0.05118,0.000953638336058278,-0.0507,0.00081615057496617,0.10118,1.54359935181862,0.89975,0.00212367532240689,20000,0.312757128404,0.000530551380193297,0.0750312957405125,0.30919218751884,0.260828661537314,0.361898397172676,0.411897697713689,0.441067351938914,0.312757128404,0.922833882977505,1.01520715323598,0,0,0,0.00187
"gaussian_phi050_N400_M40_Q10","gaussian_phi050_N400","gaussian","fixed_N_sweep","N_400","N = 400",0.5,400,40,10,40,NA,NA,"Direct fixed-N block-length comparison","Gaussian",1,0,0,"inside formal moment assumptions","regular","phi = 0.5",0.61568910657988,10,328604157,"gaussian_phi050_N400","gaussian","Gaussian","inside formal moment assumptions","regular",0.5,"phi = 0.5",400,40,10,10,100000,20000,"V_feasible",0.89783,-0.0521699999999999,0.000957764538391352,-0.05169,0.000828244105854662,0.10217,1.55429023727374,0.89895,0.00213118391393141,20000,0.313999710855207,0.00055525832360911,0.0785253851868552,0.310300761471132,0.258943058836846,0.365487641041832,0.417730329027412,0.448998368739229,0.313999710855207,0.926500297214706,1.01924056599747,0,0,0,0.00187
"gaussian_phi050_N400_M40_Q10","gaussian_phi050_N400","gaussian","fixed_N_sweep","N_400","N = 400",0.5,400,40,10,40,NA,NA,"Direct fixed-N block-length comparison","Gaussian",1,0,0,"inside formal moment assumptions","regular","phi = 0.5",0.61568910657988,10,328604157,"gaussian_phi050_N400","gaussian","Gaussian","inside formal moment assumptions","regular",0.5,"phi = 0.5",400,40,10,10,100000,20000,"VK_asym_full_oracle",0.91711,-0.03289,0.000871890175996954,-0.03241,0.000755381774347416,0.08289,1.33778610490947,0.91885,0.00193086350501531,20000,0.33555972613924,0.000570460490836545,0.0806752962939054,0.331727668466416,0.279698552574328,0.388491304127819,0.442192001776715,0.47342242583514,0.33555972613924,0.990116153784146,1.08922420426631,0,0,0,0.00187
"gaussian_phi050_N400_M40_Q10","gaussian_phi050_N400","gaussian","fixed_N_sweep","N_400","N = 400",0.5,400,40,10,40,NA,NA,"Direct fixed-N block-length comparison","Gaussian",1,0,0,"inside formal moment assumptions","regular","phi = 0.5",0.61568910657988,10,328604157,"gaussian_phi050_N400","gaussian","Gaussian","inside formal moment assumptions","regular",0.5,"phi = 0.5",400,40,10,10,100000,20000,"VK_leading_oracle",0.91957,-0.03043,0.000860005901723936,-0.02995,0.000747352366929819,0.08043,1.31205944904583,0.92155,0.00190125744574479,20000,0.338765125074102,0.00057609343162765,0.081471914420188,0.3349088806947,0.282275669097461,0.392219095464822,0.446343513580726,0.477958789852517,0.338765125074102,0.999574134040729,1.09962890373472,0,0,0,0.00187
"gaussian_phi050_N400_M40_Q10","gaussian_phi050_N400","gaussian","fixed_N_sweep","N_400","N = 400",0.5,400,40,10,40,NA,NA,"Direct fixed-N block-length comparison","Gaussian",1,0,0,"inside formal moment assumptions","regular","phi = 0.5",0.61568910657988,10,328604157,"gaussian_phi050_N400","gaussian","Gaussian","inside formal moment assumptions","regular",0.5,"phi = 0.5",400,40,10,10,100000,20000,"VK_asym_full_feasible",0.91632,-0.0336799999999999,0.000875657796173825,-0.0332,0.000766800808446886,0.08368,1.34705153897058,0.91775,0.00194274210203002,20000,0.337239486799383,0.000597378758047924,0.0844821141504969,0.333165322426273,0.277985980359807,0.392401634363183,0.449112304867438,0.482337002895953,0.337239486799383,0.995072523796822,1.09467669401963,0,0,0,0.00187
"gaussian_phi050_N400_M40_Q10","gaussian_phi050_N400","gaussian","fixed_N_sweep","N_400","N = 400",0.5,400,40,10,40,NA,NA,"Direct fixed-N block-length comparison","Gaussian",1,0,0,"inside formal moment assumptions","regular","phi = 0.5",0.61568910657988,10,328604157,"gaussian_phi050_N400","gaussian","Gaussian","inside formal moment assumptions","regular",0.5,"phi = 0.5",400,40,10,10,100000,20000,"F_feasible_leading",0.91861,-0.0313899999999999,0.000864671428347207,-0.03091,0.000759573227881871,0.08139,1.32114670168268,0.92025,0.00191559308700987,20000,0.34051012878274,0.000603322782036525,0.085322726084472,0.336472084523271,0.280644496666074,0.396163260814935,0.453428486990032,0.486993811417098,0.34051012878274,1.00472301284157,1.10529317190496,0,0,0,0.00187
"gaussian_phi050_N400_M5_Q80","gaussian_phi050_N400","gaussian","fixed_N_sweep","N_400","N = 400",0.5,400,5,80,5,NA,NA,"Direct fixed-N block-length comparison","Gaussian",1,0,0,"inside formal moment assumptions","regular","phi = 0.5",0.268621786840241,2,328604157,"gaussian_phi050_N400","gaussian","Gaussian","inside formal moment assumptions","regular",0.5,"phi = 0.5",400,5,80,2,100000,20000,"raw",0.90416,-0.04584,0.000930885032643667,-0.04536,0.000660930459496854,0.09584,1.38616030536075,0.9045,0.00207821738516451,20000,0.291755145226215,0.000168426961401646,0.0238191693083497,0.291273500708787,0.275437259213952,0.307668836267102,0.322508139482451,0.331406685486774,0.291755145226215,0.860864578600377,1,0,0,0,0
"gaussian_phi050_N400_M5_Q80","gaussian_phi050_N400","gaussian","fixed_N_sweep","N_400","N = 400",0.5,400,5,80,5,NA,NA,"Direct fixed-N block-length comparison","Gaussian",1,0,0,"inside formal moment assumptions","regular","phi = 0.5",0.268621786840241,2,328604157,"gaussian_phi050_N400","gaussian","Gaussian","inside formal moment assumptions","regular",0.5,"phi = 0.5",400,5,80,2,100000,20000,"K_leading",0.90706,-0.04294,0.000918162057591142,-0.04246,0.000641541580691382,0.09294,1.36016979963524,0.90745,0.00204920103332982,20000,0.294589995557423,0.00017007929929805,0.0240528451746215,0.29410057453945,0.278094993157972,0.310661505297984,0.325638887271424,0.334603241047198,0.294589995557423,0.869229203100413,1.00971653928849,0,0,0,0
"gaussian_phi050_N400_M5_Q80","gaussian_phi050_N400","gaussian","fixed_N_sweep","N_400","N = 400",0.5,400,5,80,5,NA,NA,"Direct fixed-N block-length comparison","Gaussian",1,0,0,"inside formal moment assumptions","regular","phi = 0.5",0.268621786840241,2,328604157,"gaussian_phi050_N400","gaussian","Gaussian","inside formal moment assumptions","regular",0.5,"phi = 0.5",400,5,80,2,100000,20000,"V_oracle",0.9463,-0.00369999999999993,0.000712855595474988,-0.00322,0.000398620000726318,0.0537,1.03150725064471,0.94675,0.00158767813961143,20000,0.339472597657459,0.000196358840606297,0.0277693335477281,0.338886201752157,0.320393638776324,0.358097177611121,0.375327881396063,0.385772122052872,0.339472597657459,1.00166163137302,1.16355307939555,0,0,0,0
"gaussian_phi050_N400_M5_Q80","gaussian_phi050_N400","gaussian","fixed_N_sweep","N_400","N = 400",0.5,400,5,80,5,NA,NA,"Direct fixed-N block-length comparison","Gaussian",1,0,0,"inside formal moment assumptions","regular","phi = 0.5",0.268621786840241,2,328604157,"gaussian_phi050_N400","gaussian","Gaussian","inside formal moment assumptions","regular",0.5,"phi = 0.5",400,5,80,2,100000,20000,"V_feasible",0.93,-0.0199999999999999,0.000806845710157772,-0.01952,0.000491316710402872,0.07,1.16790876733741,0.93025,0.0018011793011802,20000,0.319035356522362,0.00019713396844529,0.0278789531779759,0.3183679639041,0.29999575838044,0.337635442119931,0.354965868628426,0.365423419292294,0.319035356522362,0.941358677799135,1.09350378816797,0,0,0,0
"gaussian_phi050_N400_M5_Q80","gaussian_phi050_N400","gaussian","fixed_N_sweep","N_400","N = 400",0.5,400,5,80,5,NA,NA,"Direct fixed-N block-length comparison","Gaussian",1,0,0,"inside formal moment assumptions","regular","phi = 0.5",0.268621786840241,2,328604157,"gaussian_phi050_N400","gaussian","Gaussian","inside formal moment assumptions","regular",0.5,"phi = 0.5",400,5,80,2,100000,20000,"K_asym_full",0.90443,-0.04557,0.000929711649383829,-0.04509,0.000659221711363216,0.09557,1.38327247139125,0.9048,0.00207529467787107,20000,0.292066092124366,0.000168608164403569,0.0238447952826359,0.291583818796257,0.275728609551773,0.308000638318308,0.322851743695695,0.331756711382185,0.292066092124366,0.861782071144465,1.00106578034094,0,0,0,0
"gaussian_phi050_N400_M5_Q80","gaussian_phi050_N400","gaussian","fixed_N_sweep","N_400","N = 400",0.5,400,5,80,5,NA,NA,"Direct fixed-N block-length comparison","Gaussian",1,0,0,"inside formal moment assumptions","regular","phi = 0.5",0.268621786840241,2,328604157,"gaussian_phi050_N400","gaussian","Gaussian","inside formal moment assumptions","regular",0.5,"phi = 0.5",400,5,80,2,100000,20000,"VK_leading_oracle",0.94846,-0.00153999999999999,0.00069916828017295,-0.00106,0.000395967589460702,0.05154,1.01216648969512,0.9486,0.00156137823732752,20000,0.342796383528596,0.000198315346801264,0.0280460253073071,0.34221409536513,0.323522019005057,0.361581251379805,0.378993781245063,0.389519605012192,0.342796383528596,1.01146892893104,1.17494546073149,0,0,0,0
"gaussian_phi050_N400_M5_Q80","gaussian_phi050_N400","gaussian","fixed_N_sweep","N_400","N = 400",0.5,400,5,80,5,NA,NA,"Direct fixed-N block-length comparison","Gaussian",1,0,0,"inside formal moment assumptions","regular","phi = 0.5",0.268621786840241,2,328604157,"gaussian_phi050_N400","gaussian","Gaussian","inside formal moment assumptions","regular",0.5,"phi = 0.5",400,5,80,2,100000,20000,"VK_asym_full_feasible",0.93033,-0.01967,0.000805084412344445,-0.01919,0.000489305460012794,0.06967,1.16547562407212,0.93055,0.00179759140935865,20000,0.319378407963303,0.000197348324677306,0.0279092677270255,0.318712290313923,0.300317271855438,0.337997757145883,0.355347143654295,0.365821233425427,0.319378407963303,0.942370899310825,1.09467960784606,0,0,0,0
"gaussian_phi050_N400_M5_Q80","gaussian_phi050_N400","gaussian","fixed_N_sweep","N_400","N = 400",0.5,400,5,80,5,NA,NA,"Direct fixed-N block-length comparison","Gaussian",1,0,0,"inside formal moment assumptions","regular","phi = 0.5",0.268621786840241,2,328604157,"gaussian_phi050_N400","gaussian","Gaussian","inside formal moment assumptions","regular",0.5,"phi = 0.5",400,5,80,2,100000,20000,"F_feasible_leading",0.93235,-0.0176499999999999,0.000794188123179892,-0.01717,0.00047660694764326,0.06765,1.14601047794983,0.9327,0.00177159123389116,20000,0.322163256433759,0.000199088937089836,0.028155427495089,0.321489875592953,0.302917391274827,0.340928998173882,0.358460774248171,0.369017664458384,0.322163256433759,0.950587986290135,1.10422476417328,0,0,0,0
"gaussian_phi050_N400_M5_Q80","gaussian_phi050_N400","gaussian","fixed_N_sweep","N_400","N = 400",0.5,400,5,80,5,NA,NA,"Direct fixed-N block-length comparison","Gaussian",1,0,0,"inside formal moment assumptions","regular","phi = 0.5",0.268621786840241,2,328604157,"gaussian_phi050_N400","gaussian","Gaussian","inside formal moment assumptions","regular",0.5,"phi = 0.5",400,5,80,2,100000,20000,"VK_asym_full_oracle",0.94655,-0.00344999999999995,0.000711288250289571,-0.00297,0.000396753531973757,0.05345,1.02935827720586,0.9469,0.00158556598727395,20000,0.339837138945658,0.000196573344473094,0.0277996689754887,0.339249984674467,0.320731723339134,0.358477799464667,0.375728121097146,0.386180694334735,0.339837138945658,1.00273726170065,1.16480255620569,0,0,0,0
"gaussian_phi050_N400_M80_Q5","gaussian_phi050_N400","gaussian","fixed_N_sweep","N_400","N = 400",0.5,400,80,5,80,NA,NA,"Direct fixed-N block-length comparison","Gaussian",1,0,0,"inside formal moment assumptions","regular","phi = 0.5",0.731378213159759,10,328604157,"gaussian_phi050_N400","gaussian","Gaussian","inside formal moment assumptions","regular",0.5,"phi = 0.5",400,80,5,10,100000,20000,"raw",0.80954,-0.14046,0.0012417124804076,-0.13998,0.00115033439863906,0.19046,1.90014031551399,0.81135,0.00276641625121745,20000,0.261612272826009,0.000674283174308692,0.0953580409987334,0.255821929042704,0.192848828467416,0.322613119004123,0.387266037465821,0.428611694849769,0.261612272826009,0.771923795305919,1,0,0,0,0.06567
"gaussian_phi050_N400_M80_Q5","gaussian_phi050_N400","gaussian","fixed_N_sweep","N_400","N = 400",0.5,400,80,5,80,NA,NA,"Direct fixed-N block-length comparison","Gaussian",1,0,0,"inside formal moment assumptions","regular","phi = 0.5",0.731378213159759,10,328604157,"gaussian_phi050_N400","gaussian","Gaussian","inside formal moment assumptions","regular",0.5,"phi = 0.5",400,80,5,10,100000,20000,"K_asym_full",0.84961,-0.10039,0.00113036652418585,-0.09991,0.00105351365340473,0.15039,1.36176722611836,0.85255,0.00250707496397694,20000,0.298926898681038,0.000772459964572315,0.109242335828841,0.292172063183932,0.220069885962628,0.368908378533487,0.442404967748868,0.490174633664815,0.298926898681038,0.882025845562525,1.14263331552433,0,0,0,0.06567
"gaussian_phi050_N400_M80_Q5","gaussian_phi050_N400","gaussian","fixed_N_sweep","N_400","N = 400",0.5,400,80,5,80,NA,NA,"Direct fixed-N block-length comparison","Gaussian",1,0,0,"inside formal moment assumptions","regular","phi = 0.5",0.731378213159759,10,328604157,"gaussian_phi050_N400","gaussian","Gaussian","inside formal moment assumptions","regular",0.5,"phi = 0.5",400,80,5,10,100000,20000,"K_leading",0.852,-0.098,0.00112292475259921,-0.09752,0.00104666587366481,0.148,1.33009822085979,0.8551,0.00248901576933534,20000,0.301610596783834,0.000779556030975367,0.110245871163511,0.294851815331893,0.221978945821876,0.3722149570263,0.44639783247947,0.49475584794864,0.301610596783834,0.889944474159675,1.15289161905805,0,0,0,0.06567
"gaussian_phi050_N400_M80_Q5","gaussian_phi050_N400","gaussian","fixed_N_sweep","N_400","N = 400",0.5,400,80,5,80,NA,NA,"Direct fixed-N block-length comparison","Gaussian",1,0,0,"inside formal moment assumptions","regular","phi = 0.5",0.731378213159759,10,328604157,"gaussian_phi050_N400","gaussian","Gaussian","inside formal moment assumptions","regular",0.5,"phi = 0.5",400,80,5,10,100000,20000,"V_oracle",0.81123,-0.13877,0.00123748085682163,-0.13829,0.00114624251261196,0.18877,1.8747203781827,0.81305,0.00275680700720961,20000,0.26308422948726,0.000678139559415649,0.0959034162107326,0.257254177428977,0.193942766909859,0.324368329672839,0.389466552996896,0.431011012706252,0.26308422948726,0.776267010401313,1.00562648168356,0,0,0,0.06567
"gaussian_phi050_N400_M80_Q5","gaussian_phi050_N400","gaussian","fixed_N_sweep","N_400","N = 400",0.5,400,80,5,80,NA,NA,"Direct fixed-N block-length comparison","Gaussian",1,0,0,"inside formal moment assumptions","regular","phi = 0.5",0.731378213159759,10,328604157,"gaussian_phi050_N400","gaussian","Gaussian","inside formal moment assumptions","regular",0.5,"phi = 0.5",400,80,5,10,100000,20000,"V_feasible",0.81081,-0.13919,0.00123853600633974,-0.13871,0.00114826327298466,0.18919,1.88181802714804,0.8127,0.0027587923988586,20000,0.263355665544362,0.000685207240906365,0.096902937312603,0.257184597721759,0.193535550164986,0.325082827669059,0.390994925644366,0.433353910696584,0.263355665544362,0.777067920653411,1.00666403261407,0,0,0,0.06567
"gaussian_phi050_N400_M80_Q5","gaussian_phi050_N400","gaussian","fixed_N_sweep","N_400","N = 400",0.5,400,80,5,80,NA,NA,"Direct fixed-N block-length comparison","Gaussian",1,0,0,"inside formal moment assumptions","regular","phi = 0.5",0.731378213159759,10,328604157,"gaussian_phi050_N400","gaussian","Gaussian","inside formal moment assumptions","regular",0.5,"phi = 0.5",400,80,5,10,100000,20000,"VK_asym_full_oracle",0.8511,-0.0989,0.00112573882406178,-0.09842,0.00104906913092532,0.1489,1.34354960436427,0.8542,0.00249541940362737,20000,0.300462627382124,0.000776520038442905,0.109816516982043,0.293716316696389,0.221160071627157,0.370754022264389,0.444740285433673,0.492775531171431,0.300462627382124,0.886557229028203,1.14850356268244,0,0,0,0.06567
"gaussian_phi050_N400_M80_Q5","gaussian_phi050_N400","gaussian","fixed_N_sweep","N_400","N = 400",0.5,400,80,5,80,NA,NA,"Direct fixed-N block-length comparison","Gaussian",1,0,0,"inside formal moment assumptions","regular","phi = 0.5",0.731378213159759,10,328604157,"gaussian_phi050_N400","gaussian","Gaussian","inside formal moment assumptions","regular",0.5,"phi = 0.5",400,80,5,10,100000,20000,"VK_leading_oracle",0.85341,-0.09659,0.00111848724579228,-0.09611,0.00104352267267927,0.14659,1.31230426472789,0.85655,0.00247862963651289,20000,0.303147827294465,0.000783622908236876,0.110821014461484,0.296361451229701,0.22310526111629,0.374194506069812,0.448613982273009,0.497346535859927,0.303147827294465,0.894480288925581,1.15876760680903,0,0,0,0.06567
"gaussian_phi050_N400_M80_Q5","gaussian_phi050_N400","gaussian","fixed_N_sweep","N_400","N = 400",0.5,400,80,5,80,NA,NA,"Direct fixed-N block-length comparison","Gaussian",1,0,0,"inside formal moment assumptions","regular","phi = 0.5",0.731378213159759,10,328604157,"gaussian_phi050_N400","gaussian","Gaussian","inside formal moment assumptions","regular",0.5,"phi = 0.5",400,80,5,10,100000,20000,"VK_asym_full_feasible",0.85068,-0.09932,0.00112704719333309,-0.09884,0.00105191140747503,0.14932,1.34863625278943,0.8538,0.00249825499098871,20000,0.300931674661827,0.000784589347138572,0.110957689561682,0.293763084876593,0.220856211886189,0.371595846228315,0.447109561182899,0.49597097889843,0.300931674661827,0.88794121897797,1.15029647275748,0,0,0,0.06567
"gaussian_phi050_N400_M80_Q5","gaussian_phi050_N400","gaussian","fixed_N_sweep","N_400","N = 400",0.5,400,80,5,80,NA,NA,"Direct fixed-N block-length comparison","Gaussian",1,0,0,"inside formal moment assumptions","regular","phi = 0.5",0.731378213159759,10,328604157,"gaussian_phi050_N400","gaussian","Gaussian","inside formal moment assumptions","regular",0.5,"phi = 0.5",400,80,5,10,100000,20000,"F_feasible_leading",0.85314,-0.0968599999999999,0.00111933971786942,-0.09638,0.00104523675844223,0.14686,1.31727261900363,0.8563,0.00248042647542716,20000,0.303630918322077,0.000791749489273444,0.111970286573248,0.296436916071586,0.222814694877816,0.374940691958234,0.451022116019492,0.500310070259236,0.303630918322077,0.895905716928192,1.16061419841726,0,0,0,0.06567
