"boundary","parity","x","Q","method","rejection","mcse","q95_over_chisq","hull_failure","in_4_6_band"
"positive","not_applicable",0.25,5,"Variance",0.52365,0.0035315766840039,Inf,0.4845,FALSE
"positive","not_applicable",0.25,5,"Combined",0.4867,0.00353428288341497,Inf,0.4845,FALSE
"positive","not_applicable",0.25,6,"Variance",0.4645,0.00352661133384443,Inf,0.41355,FALSE
"positive","not_applicable",0.25,6,"Combined",0.42575,0.00349633334723679,Inf,0.41355,FALSE
"positive","not_applicable",0.25,8,"Variance",0.37455,0.00342244282275102,Inf,0.3004,FALSE
"positive","not_applicable",0.25,8,"Combined",0.34035,0.00335046174056651,Inf,0.3004,FALSE
"positive","not_applicable",0.25,10,"Variance",0.31865,0.00329478510300748,Inf,0.2264,FALSE
"positive","not_applicable",0.25,10,"Combined",0.28935,0.00320645113404212,Inf,0.2264,FALSE
"positive","not_applicable",0.25,15,"Variance",0.21595,0.00290960132578331,Inf,0.0996,FALSE
"positive","not_applicable",0.25,15,"Combined",0.19885,0.0028223100246075,Inf,0.0996,FALSE
"positive","not_applicable",0.25,20,"Variance",0.16555,0.00262814761286348,4.44759039452555,0.0454,FALSE
"positive","not_applicable",0.25,20,"Combined",0.1538,0.00255093669070794,4.13443133984761,0.0454,FALSE
"positive","not_applicable",0.25,30,"Variance",0.1135,0.00224296399881942,1.7242406720528,0.0087,FALSE
"positive","not_applicable",0.25,30,"Combined",0.10765,0.00219159163052791,1.65961592133488,0.0087,FALSE
"positive","not_applicable",0.25,50,"Variance",0.07825,0.00189903840798442,1.25629276758587,3e-04,FALSE
"positive","not_applicable",0.25,50,"Combined",0.0756,0.00186928649489585,1.233849166611,3e-04,FALSE
"positive","not_applicable",0.25,100,"Variance",0.0611,0.0016936172826232,1.10415329187036,0,FALSE
"positive","not_applicable",0.25,100,"Combined",0.06025,0.0016825566483777,1.09620733944384,0,FALSE
"positive","not_applicable",0.25,200,"Variance",0.0523,0.00157424124580701,1.01664192425016,0,TRUE
"positive","not_applicable",0.25,200,"Combined",0.05165,0.00156496449640239,1.01342507121604,0,TRUE
"positive","not_applicable",0.5,5,"Variance",0.40725,0.0034741721136121,Inf,0.34515,FALSE
"positive","not_applicable",0.5,5,"Combined",0.3571,0.00338806427034671,Inf,0.34515,FALSE
"positive","not_applicable",0.5,6,"Variance",0.3476,0.00336730040239952,Inf,0.26645,FALSE
"positive","not_applicable",0.5,6,"Combined",0.2967,0.00323008598956746,Inf,0.26645,FALSE
"positive","not_applicable",0.5,8,"Variance",0.26105,0.00310566335506603,Inf,0.15905,FALSE
"positive","not_applicable",0.5,8,"Combined",0.21865,0.0029226886380523,Inf,0.15905,FALSE
"positive","not_applicable",0.5,10,"Variance",0.20685,0.00286411485017623,Inf,0.0933,FALSE
"positive","not_applicable",0.5,10,"Combined",0.17085,0.0026613932206647,Inf,0.0933,FALSE
"positive","not_applicable",0.5,15,"Variance",0.1439,0.00248186210334096,2.60891178694508,0.02675,FALSE
"positive","not_applicable",0.5,15,"Combined",0.1201,0.00229865167000135,2.24749300946345,0.02675,FALSE
"positive","not_applicable",0.5,20,"Variance",0.1122,0.00223171637982966,1.75881828326315,0.0079,FALSE
"positive","not_applicable",0.5,20,"Combined",0.0959,0.00208210458430887,1.58294318508751,0.0079,FALSE
"positive","not_applicable",0.5,30,"Variance",0.0854,0.00197619381640567,1.37230751427631,9e-04,FALSE
"positive","not_applicable",0.5,30,"Combined",0.07675,0.00188227837340814,1.2844016422849,9e-04,FALSE
"positive","not_applicable",0.5,50,"Variance",0.0641,0.00173192364150386,1.12277894512596,0,FALSE
"positive","not_applicable",0.5,50,"Combined",0.05965,0.00167469217320677,1.08103111395329,0,TRUE
"positive","not_applicable",0.5,100,"Variance",0.0562,0.00162852018716379,1.05747259447778,0,TRUE
"positive","not_applicable",0.5,100,"Combined",0.05405,0.00159888394669532,1.03830913170274,0,TRUE
"positive","not_applicable",0.5,200,"Variance",0.0519,0.00156854056370883,1.01983126502635,0,TRUE
"positive","not_applicable",0.5,200,"Combined",0.051,0.00155561884791873,1.01071026479159,0,TRUE
"positive","not_applicable",1,5,"Variance",0.3029,0.00324924291181807,Inf,0.21685,FALSE
"positive","not_applicable",1,5,"Combined",0.2538,0.00307721919921217,Inf,0.21685,FALSE
"positive","not_applicable",1,6,"Variance",0.24945,0.00305961351725998,Inf,0.14625,FALSE
"positive","not_applicable",1,6,"Combined",0.2005,0.00283107532573755,Inf,0.14625,FALSE
"positive","not_applicable",1,8,"Variance",0.18585,0.00275054337813458,Inf,0.069,FALSE
"positive","not_applicable",1,8,"Combined",0.1503,0.00252695379854876,Inf,0.069,FALSE
"positive","not_applicable",1,10,"Variance",0.1514,0.0025345417731811,3.05131188218177,0.03285,FALSE
"positive","not_applicable",1,10,"Combined",0.1208,0.00230442357217591,2.45431865103044,0.03285,FALSE
"positive","not_applicable",1,15,"Variance",0.105,0.00216766002869454,1.64951837717935,0.0044,FALSE
"positive","not_applicable",1,15,"Combined",0.08715,0.00199442820753217,1.43934611966431,0.0044,FALSE
"positive","not_applicable",1,20,"Variance",0.0837,0.00195824296245384,1.35072342357909,0.00065,FALSE
"positive","not_applicable",1,20,"Combined",0.0707,0.00181247772400104,1.22317714768765,0.00065,FALSE
"positive","not_applicable",1,30,"Variance",0.0718,0.00182544186431669,1.20045694993961,5e-05,FALSE
"positive","not_applicable",1,30,"Combined",0.0636,0.00172561641160485,1.12579212556063,5e-05,FALSE
"positive","not_applicable",1,50,"Variance",0.059,0.00166611824310281,1.07449762221247,0,TRUE
"positive","not_applicable",1,50,"Combined",0.05345,0.00159048887924437,1.03478874150195,0,TRUE
"positive","not_applicable",1,100,"Variance",0.0535,0.00159119059197822,1.02926063000132,0,TRUE
"positive","not_applicable",1,100,"Combined",0.0509,0.00155417486146186,1.01038196447701,0,TRUE
"positive","not_applicable",1,200,"Variance",0.0481,0.00151304973480715,0.985331343510789,0,TRUE
"positive","not_applicable",1,200,"Combined",0.047,0.00149651261270996,0.976328365635433,0,TRUE
"positive","not_applicable",2,5,"Variance",0.2434,0.00303443932218128,Inf,0.1317,FALSE
"positive","not_applicable",2,5,"Combined",0.19615,0.00280780321158731,Inf,0.1317,FALSE
"positive","not_applicable",2,6,"Variance",0.19805,0.00281803297975733,Inf,0.0788,FALSE
"positive","not_applicable",2,6,"Combined",0.15925,0.00258736775024348,Inf,0.0788,FALSE
"positive","not_applicable",2,8,"Variance",0.14985,0.00252383614266061,2.99004694654866,0.02845,FALSE
"positive","not_applicable",2,8,"Combined",0.11965,0.00229492785834326,2.38908262145404,0.02845,FALSE
"positive","not_applicable",2,10,"Variance",0.1211,0.00230688957256302,1.99281971365299,0.01075,FALSE
"positive","not_applicable",2,10,"Combined",0.0988,0.0021099592413125,1.67458711054087,0.01075,FALSE
"positive","not_applicable",2,15,"Variance",0.08825,0.00200576590732817,1.4114931076947,0.00075,FALSE
"positive","not_applicable",2,15,"Combined",0.07445,0.00185616806216463,1.26260729498859,0.00075,FALSE
"positive","not_applicable",2,20,"Variance",0.07295,0.00183886238609636,1.22099784441214,0.00015,FALSE
"positive","not_applicable",2,20,"Combined",0.06255,0.00171227184611556,1.12485182370798,0.00015,FALSE
"positive","not_applicable",2,30,"Variance",0.0626,0.00171291038878279,1.10826207323404,0,FALSE
"positive","not_applicable",2,30,"Combined",0.0555,0.00161894641665498,1.05035404265311,0,TRUE
"positive","not_applicable",2,50,"Variance",0.05575,0.00162237383947104,1.04580928036607,0,TRUE
"positive","not_applicable",2,50,"Combined",0.05145,0.00156209630785045,1.01314522172254,0,TRUE
"positive","not_applicable",2,100,"Variance",0.0529,0.00158274429394012,1.02246820780504,0,TRUE
"positive","not_applicable",2,100,"Combined",0.0509,0.00155417486146186,1.00654571701209,0,TRUE
"positive","not_applicable",2,200,"Variance",0.04955,0.00153451616967694,0.995638934577041,0,TRUE
"positive","not_applicable",2,200,"Combined",0.04885,0.00152419942100763,0.98789755193023,0,TRUE
"positive","not_applicable",3,5,"Variance",0.2207,0.0029325032821806,Inf,0.10365,FALSE
"positive","not_applicable",3,5,"Combined",0.1762,0.00269400779508894,Inf,0.10365,FALSE
"positive","not_applicable",3,6,"Variance",0.1816,0.00272599926632419,Inf,0.0616,FALSE
"positive","not_applicable",3,6,"Combined",0.1446,0.00248687394131669,Inf,0.0616,FALSE
"positive","not_applicable",3,8,"Variance",0.13595,0.00242350569939499,2.42311746387091,0.0174,FALSE
"positive","not_applicable",3,8,"Combined",0.10865,0.00220051332079585,1.97098298837363,0.0174,FALSE
"positive","not_applicable",3,10,"Variance",0.1121,0.00223084726057164,1.71120164868608,0.00655,FALSE
"positive","not_applicable",3,10,"Combined",0.08995,0.00202310401981707,1.4568078622473,0.00655,FALSE
"positive","not_applicable",3,15,"Variance",0.08365,0.00195771138705377,1.32461345166996,0.00045,FALSE
"positive","not_applicable",3,15,"Combined",0.07045,0.00180951371229952,1.19405007027582,0.00045,FALSE
"positive","not_applicable",3,20,"Variance",0.0727,0.00183595629032938,1.2123528012359,5e-05,FALSE
"positive","not_applicable",3,20,"Combined",0.06325,0.00172118327757389,1.12297561378383,5e-05,FALSE
"positive","not_applicable",3,30,"Variance",0.06255,0.00171227184611556,1.12233027679958,0,FALSE
"positive","not_applicable",3,30,"Combined",0.05705,0.00164005026599797,1.06732201092209,0,TRUE
"positive","not_applicable",3,50,"Variance",0.055,0.00161206389451535,1.04465768293081,0,TRUE
"positive","not_applicable",3,50,"Combined",0.0517,0.00156568052296757,1.01400483469029,0,TRUE
"positive","not_applicable",3,100,"Variance",0.05235,0.0015749520230788,1.0276439842655,0,TRUE
"positive","not_applicable",3,100,"Combined",0.05085,0.00155345224419678,1.0125922393015,0,TRUE
"positive","not_applicable",3,200,"Variance",0.0537,0.00159399356962316,1.02808780383317,0,TRUE
"positive","not_applicable",3,200,"Combined",0.0526,0.00157849992081089,1.02056495055163,0,TRUE
"positive","not_applicable",4,5,"Variance",0.20565,0.00285795449141514,Inf,0.0905,FALSE
"positive","not_applicable",4,5,"Combined",0.16595,0.00263068999979093,Inf,0.0905,FALSE
"positive","not_applicable",4,6,"Variance",0.16955,0.00265332619084047,Inf,0.05065,FALSE
"positive","not_applicable",4,6,"Combined",0.13455,0.00241294734194512,Inf,0.05065,FALSE
"positive","not_applicable",4,8,"Variance",0.1297,0.00237568842654082,2.29711427361932,0.0146,FALSE
"positive","not_applicable",4,8,"Combined",0.1045,0.00216309673847473,1.87788262856134,0.0146,FALSE
"positive","not_applicable",4,10,"Variance",0.10765,0.00219159163052791,1.71680181858926,0.00435,FALSE
"positive","not_applicable",4,10,"Combined",0.0868,0.00199080084388168,1.46685478974786,0.00435,FALSE
"positive","not_applicable",4,15,"Variance",0.0776,0.00189180125806069,1.26400216358227,0.00015,FALSE
"positive","not_applicable",4,15,"Combined",0.0642,0.00173318146770614,1.14178447600901,0.00015,FALSE
"positive","not_applicable",4,20,"Variance",0.06955,0.00179878844642721,1.1727591709528,0,FALSE
"positive","not_applicable",4,20,"Combined",0.059,0.00166611824310281,1.08787458518275,0,TRUE
"positive","not_applicable",4,30,"Variance",0.06045,0.00168516761035809,1.08964522382731,0,FALSE
"positive","not_applicable",4,30,"Combined",0.05465,0.00160722396541366,1.0371663189026,0,TRUE
"positive","not_applicable",4,50,"Variance",0.05395,0.0015974886149829,1.03514393641452,0,TRUE
"positive","not_applicable",4,50,"Combined",0.0505,0.00154838222025442,1.00527723762854,0,TRUE
"positive","not_applicable",4,100,"Variance",0.05495,0.00161137359882803,1.04480266453018,0,TRUE
"positive","not_applicable",4,100,"Combined",0.05335,0.00158908428819871,1.02974728264911,0,TRUE
"positive","not_applicable",4,200,"Variance",0.04725,0.00150029059685116,0.978585995995521,0,TRUE
"positive","not_applicable",4,200,"Combined",0.0466,0.00149044355813966,0.971539441736276,0,TRUE
"positive","not_applicable",6,5,"Variance",0.2044,0.00285149644923503,Inf,0.07935,FALSE
"positive","not_applicable",6,5,"Combined",0.1608,0.0025975311355208,Inf,0.07935,FALSE
"positive","not_applicable",6,6,"Variance",0.1653,0.00262655582464946,5.27295068316853,0.043,FALSE
"positive","not_applicable",6,6,"Combined",0.12935,0.00237295783253727,3.99292314729968,0.043,FALSE
"positive","not_applicable",6,8,"Variance",0.124,0.00233049350996736,2.07160712759065,0.0113,FALSE
"positive","not_applicable",6,8,"Combined",0.0983,0.00210519725916599,1.69551805532408,0.0113,FALSE
"positive","not_applicable",6,10,"Variance",0.1015,0.00213538930876784,1.62817672027221,0.00335,FALSE
"positive","not_applicable",6,10,"Combined",0.08245,0.00194489071029711,1.39211421910581,0.00335,FALSE
"positive","not_applicable",6,15,"Variance",0.07815,0.00189792752100811,1.27586229296396,0.00015,FALSE
"positive","not_applicable",6,15,"Combined",0.0644,0.00173569352133376,1.15282440225923,0.00015,FALSE
"positive","not_applicable",6,20,"Variance",0.066,0.00175561954876334,1.16032176048031,0,FALSE
"positive","not_applicable",6,20,"Combined",0.0577,0.00164879819868897,1.07649660896115,0,TRUE
"positive","not_applicable",6,30,"Variance",0.0587,0.00166214184111946,1.07798286389716,0,TRUE
"positive","not_applicable",6,30,"Combined",0.05305,0.00158486115322447,1.02612489500771,0,TRUE
"positive","not_applicable",6,50,"Variance",0.0544,0.0016037555923519,1.04680184811418,0,TRUE
"positive","not_applicable",6,50,"Combined",0.05165,0.00156496449640239,1.01661497314736,0,TRUE
"positive","not_applicable",6,100,"Variance",0.05335,0.00158908428819871,1.02714537247913,0,TRUE
"positive","not_applicable",6,100,"Combined",0.05145,0.00156209630785045,1.01234562060172,0,TRUE
"positive","not_applicable",6,200,"Variance",0.05075,0.00155200575868777,1.00502389977103,0,TRUE
"positive","not_applicable",6,200,"Combined",0.0495,0.00153378209012884,0.997785905142815,0,TRUE
"positive","not_applicable",8,5,"Variance",0.1995,0.00282577201840488,Inf,0.0753,FALSE
"positive","not_applicable",8,5,"Combined",0.1565,0.0025691219317113,Inf,0.0753,FALSE
"positive","not_applicable",8,6,"Variance",0.1644,0.00262080750914675,4.7257369788697,0.04065,FALSE
"positive","not_applicable",8,6,"Combined",0.129,0.00237022150863585,3.57511308811291,0.04065,FALSE
"positive","not_applicable",8,8,"Variance",0.12255,0.00231874424527588,2.11519854692905,0.01105,FALSE
"positive","not_applicable",8,8,"Combined",0.0973,0.00209562293841235,1.72972851964776,0.01105,FALSE
"positive","not_applicable",8,10,"Variance",0.10335,0.00215254242118477,1.60737652338217,0.00225,FALSE
"positive","not_applicable",8,10,"Combined",0.082,0.00194005154570697,1.37332318639868,0.00225,FALSE
"positive","not_applicable",8,15,"Variance",0.0758,0.00187155496846873,1.24715352217832,1e-04,FALSE
"positive","not_applicable",8,15,"Combined",0.0626,0.00171291038878279,1.12628444733014,1e-04,FALSE
"positive","not_applicable",8,20,"Variance",0.06865,0.00178797619531134,1.18465905036493,0,FALSE
"positive","not_applicable",8,20,"Combined",0.0593,0.00167008248299298,1.09862028984088,0,TRUE
"positive","not_applicable",8,30,"Variance",0.05905,0.00166677979199413,1.08456478147307,0,TRUE
"positive","not_applicable",8,30,"Combined",0.05295,0.00158345030708261,1.03209503804692,0,TRUE
"positive","not_applicable",8,50,"Variance",0.0545,0.00160514407453038,1.04896994104294,0,TRUE
"positive","not_applicable",8,50,"Combined",0.05165,0.00156496449640239,1.01854129188626,0,TRUE
"positive","not_applicable",8,100,"Variance",0.0501,0.00154256264054333,1.00080630294327,0,TRUE
"positive","not_applicable",8,100,"Combined",0.0484,0.00151752166376629,0.986297695009794,0,TRUE
"positive","not_applicable",8,200,"Variance",0.05195,0.00156925456029288,1.01805353863035,0,TRUE
"positive","not_applicable",8,200,"Combined",0.05115,0.00155778171609504,1.01067603663966,0,TRUE
"positive","not_applicable",12,5,"Variance",0.1882,0.00276388096704616,Inf,0.06635,FALSE
"positive","not_applicable",12,5,"Combined",0.1482,0.00251233715890205,Inf,0.06635,FALSE
"positive","not_applicable",12,6,"Variance",0.1639,0.00261760186048222,4.76022302909776,0.0398,FALSE
"positive","not_applicable",12,6,"Combined",0.1267,0.00235209598018448,3.5936623339619,0.0398,FALSE
"positive","not_applicable",12,8,"Variance",0.119,0.00228953051956072,1.93886258262624,0.00935,FALSE
"positive","not_applicable",12,8,"Combined",0.09475,0.00207089880848872,1.58296210115319,0.00935,FALSE
"positive","not_applicable",12,10,"Variance",0.10275,0.00214700299836772,1.63456544743213,0.00265,FALSE
"positive","not_applicable",12,10,"Combined",0.08275,0.00194810725449088,1.39471659375443,0.00265,FALSE
"positive","not_applicable",12,15,"Variance",0.07995,0.00191778514828956,1.28826229902486,5e-05,FALSE
"positive","not_applicable",12,15,"Combined",0.067,0.00176792250961404,1.16236984508635,5e-05,FALSE
"positive","not_applicable",12,20,"Variance",0.07095,0.00181543517510265,1.20515836031765,0,FALSE
"positive","not_applicable",12,20,"Combined",0.0613,0.00169620620798298,1.11687552494424,0,FALSE
"positive","not_applicable",12,30,"Variance",0.0587,0.00166214184111946,1.08430181829754,0,TRUE
"positive","not_applicable",12,30,"Combined",0.05265,0.00157920830639913,1.03137613716596,0,TRUE
"positive","not_applicable",12,50,"Variance",0.0542,0.00160097407849097,1.04685524480676,0,TRUE
"positive","not_applicable",12,50,"Combined",0.05175,0.00156639614242375,1.01620920446984,0,TRUE
"positive","not_applicable",12,100,"Variance",0.0499,0.00153964265334525,0.999332892840776,0,TRUE
"positive","not_applicable",12,100,"Combined",0.0482,0.00151454217504829,0.984710008834553,0,TRUE
"positive","not_applicable",12,200,"Variance",0.05125,0.00155922156058721,1.01445781938079,0,TRUE
"positive","not_applicable",12,200,"Combined",0.05065,0.00155055760131638,1.00703687132551,0,TRUE
"negative","even",0.25,5,"Variance",0.17275,0.00267308284102831,8.3778286811986,0.048,FALSE
"negative","even",0.25,5,"Combined",0.1278,0.0023607960521824,5.70684129240468,0.048,FALSE
"negative","even",0.25,6,"Variance",0.14695,0.00250355444817963,2.91432905509,0.02015,FALSE
"negative","even",0.25,6,"Combined",0.1086,0.002200068635293,2.13323556196676,0.02015,FALSE
"negative","even",0.25,8,"Variance",0.1076,0.00219114399344269,1.75050704731355,0.0036,FALSE
"negative","even",0.25,8,"Combined",0.0804,0.0019227043454468,1.39366340923512,0.0036,FALSE
"negative","even",0.25,10,"Variance",0.09165,0.00204022397667511,1.48317195804531,0.00085,FALSE
"negative","even",0.25,10,"Combined",0.07045,0.00180951371229952,1.23873037906629,0.00085,FALSE
"negative","even",0.25,15,"Variance",0.07265,0.00183537431468352,1.24875293407685,0,FALSE
"negative","even",0.25,15,"Combined",0.05895,0.00166545635637803,1.1091902865671,0,TRUE
"negative","even",0.25,20,"Variance",0.06955,0.00179878844642721,1.18470527821212,0,FALSE
"negative","even",0.25,20,"Combined",0.05925,0.00166942261725424,1.08443161968742,0,TRUE
"negative","even",0.25,30,"Variance",0.06185,0.00170329940850104,1.10940157992738,0,FALSE
"negative","even",0.25,30,"Combined",0.0548,0.00160930046914801,1.04616011011342,0,TRUE
"negative","even",0.25,50,"Variance",0.0549,0.00161068292969163,1.03974195499823,0,TRUE
"negative","even",0.25,50,"Combined",0.05015,0.0015432915716092,1.0038858360916,0,TRUE
"negative","even",0.25,100,"Variance",0.0542,0.00160097407849097,1.03288924153101,0,TRUE
"negative","even",0.25,100,"Combined",0.05195,0.00156925456029288,1.01496974066029,0,TRUE
"negative","even",0.25,200,"Variance",0.0512,0.0015585018447214,1.0162188489313,0,TRUE
"negative","even",0.25,200,"Combined",0.05045,0.00154765625220848,1.00737674674107,0,TRUE
"negative","even",0.5,5,"Variance",0.1726,0.00267216429135635,5.48368063772175,0.0412,FALSE
"negative","even",0.5,5,"Combined",0.1223,0.00231670790131169,3.67682881204508,0.0412,FALSE
"negative","even",0.5,6,"Variance",0.14135,0.00246343436588028,2.68144480410436,0.01735,FALSE
"negative","even",0.5,6,"Combined",0.10285,0.00214792780954109,1.93886730347117,0.01735,FALSE
"negative","even",0.5,8,"Variance",0.10685,0.00218441156264107,1.73448981577619,0.00235,FALSE
"negative","even",0.5,8,"Combined",0.07865,0.00190347284587934,1.36991173815768,0.00235,FALSE
"negative","even",0.5,10,"Variance",0.09245,0.00204820650204026,1.45482661398374,0.00065,FALSE
"negative","even",0.5,10,"Combined",0.0689,0.00179098841425622,1.20828698551468,0.00065,FALSE
"negative","even",0.5,15,"Variance",0.07555,0.00186871877900341,1.26330995565754,0,FALSE
"negative","even",0.5,15,"Combined",0.06125,0.00169555945781916,1.11904586912138,0,FALSE
"negative","even",0.5,20,"Variance",0.06575,0.00175252585572938,1.1589039836129,0,FALSE
"negative","even",0.5,20,"Combined",0.0556,0.0016203184872117,1.05910859462736,0,TRUE
"negative","even",0.5,30,"Variance",0.05995,0.00167863035686836,1.08414053054279,0,TRUE
"negative","even",0.5,30,"Combined",0.0524,0.00157566240038912,1.02156527368785,0,TRUE
"negative","even",0.5,50,"Variance",0.0558,0.00162305822446393,1.05122105208165,0,TRUE
"negative","even",0.5,50,"Combined",0.05155,0.00156353121970749,1.01465906637172,0,TRUE
"negative","even",0.5,100,"Variance",0.0505,0.00154838222025442,1.00483882951652,0,TRUE
"negative","even",0.5,100,"Combined",0.0487,0.00152197749654849,0.987308202510931,0,TRUE
"negative","even",0.5,200,"Variance",0.0507,0.00155128188927738,1.00239579827494,0,TRUE
"negative","even",0.5,200,"Combined",0.0493,0.00153084143528976,0.993637771661963,0,TRUE
"negative","even",1,5,"Variance",0.1661,0.00263164197792937,4.36966886909379,0.0354,FALSE
"negative","even",1,5,"Combined",0.11475,0.00225369072301414,2.89033498889473,0.0354,FALSE
"negative","even",1,6,"Variance",0.1399,0.00245283499241184,2.59480597320791,0.01635,FALSE
"negative","even",1,6,"Combined",0.09915,0.00211328272481464,1.85846259493222,0.01635,FALSE
"negative","even",1,8,"Variance",0.10955,0.00220849267035234,1.82468495379673,0.00385,FALSE
"negative","even",1,8,"Combined",0.08155,0.00193519504830908,1.43344827380859,0.00385,FALSE
"negative","even",1,10,"Variance",0.09245,0.00204820650204026,1.47797947893239,0.00055,FALSE
"negative","even",1,10,"Combined",0.0699,0.00180296963368771,1.22333048632617,0.00055,FALSE
"negative","even",1,15,"Variance",0.07485,0.0018607455159156,1.26492530063591,5e-05,FALSE
"negative","even",1,15,"Combined",0.06,0.00167928556237467,1.11877045242612,5e-05,TRUE
"negative","even",1,20,"Variance",0.0678,0.00177768332387971,1.14960862290167,0,FALSE
"negative","even",1,20,"Combined",0.0552,0.0016148213523483,1.0496921361674,0,TRUE
"negative","even",1,30,"Variance",0.0613,0.00169620620798298,1.0959394041603,0,FALSE
"negative","even",1,30,"Combined",0.05385,0.0015960917501823,1.03225160932455,0,TRUE
"negative","even",1,50,"Variance",0.05525,0.00161550978796168,1.04467365692353,0,TRUE
"negative","even",1,50,"Combined",0.0512,0.0015585018447214,1.00816314606831,0,TRUE
"negative","even",1,100,"Variance",0.055,0.00161206389451535,1.04529500368049,0,TRUE
"negative","even",1,100,"Combined",0.05335,0.00158908428819871,1.02699686786226,0,TRUE
"negative","even",1,200,"Variance",0.0512,0.0015585018447214,1.01139931480811,0,TRUE
"negative","even",1,200,"Combined",0.05025,0.00154474815908613,1.00253917686455,0,TRUE
"negative","even",2,5,"Variance",0.17235,0.00267063173706148,5.97555548741298,0.04215,FALSE
"negative","even",2,5,"Combined",0.12195,0.00231385174006461,3.96283591881707,0.04215,FALSE
"negative","even",2,6,"Variance",0.1428,0.00247394583610879,2.85631786998066,0.01935,FALSE
"negative","even",2,6,"Combined",0.10385,0.00215714136648482,2.05181490166028,0.01935,FALSE
"negative","even",2,8,"Variance",0.113,0.00223864914624869,1.80430972059385,0.004,FALSE
"negative","even",2,8,"Combined",0.08205,0.00194059008422696,1.42152168258853,0.004,FALSE
"negative","even",2,10,"Variance",0.0954,0.00207724384702422,1.50574696622451,6e-04,FALSE
"negative","even",2,10,"Combined",0.0716,0.00182309407327214,1.24953206617287,6e-04,FALSE
"negative","even",2,15,"Variance",0.07465,0.0018584587364265,1.25774471730079,0,FALSE
"negative","even",2,15,"Combined",0.0605,0.00168581953363935,1.11457999060096,0,FALSE
"negative","even",2,20,"Variance",0.0664,0.00176055445811824,1.17295267026809,0,FALSE
"negative","even",2,20,"Combined",0.05585,0.00162374224401535,1.07264720765743,0,TRUE
"negative","even",2,30,"Variance",0.06015,0.0016812492007433,1.0968746127582,0,FALSE
"negative","even",2,30,"Combined",0.05385,0.0015960917501823,1.03423517177788,0,TRUE
"negative","even",2,50,"Variance",0.0571,0.00164072529693426,1.06297901073645,0,TRUE
"negative","even",2,50,"Combined",0.0527,0.00157991629525111,1.02650728052428,0,TRUE
"negative","even",2,100,"Variance",0.0528,0.00158133108487755,1.02472399153727,0,TRUE
"negative","even",2,100,"Combined",0.05075,0.00155200575868777,1.00712652226327,0,TRUE
"negative","even",2,200,"Variance",0.0489,0.00152493917911502,0.993068504710864,0,TRUE
"negative","even",2,200,"Combined",0.0482,0.00151454217504829,0.984537244855634,0,TRUE
"negative","even",3,5,"Variance",0.17365,0.00267857870427583,6.04948382087994,0.0436,FALSE
"negative","even",3,5,"Combined",0.1255,0.00234253868698043,4.05653786563019,0.0436,FALSE
"negative","even",3,6,"Variance",0.1454,0.00249257738094527,2.72302103032605,0.02055,FALSE
"negative","even",3,6,"Combined",0.10465,0.00216446734209597,1.97354467095276,0.02055,FALSE
"negative","even",3,8,"Variance",0.11225,0.00223215072855755,1.81833659651216,0.0045,FALSE
"negative","even",3,8,"Combined",0.08435,0.00196513456918349,1.44178262077667,0.0045,FALSE
"negative","even",3,10,"Variance",0.09495,0.00207285428214334,1.50594557858938,0.00075,FALSE
"negative","even",3,10,"Combined",0.07255,0.00183420960497976,1.25597956804371,0.00075,FALSE
"negative","even",3,15,"Variance",0.07425,0.00185387347869265,1.23144996439284,5e-05,FALSE
"negative","even",3,15,"Combined",0.0606,0.00168712240219849,1.09483454480819,5e-05,FALSE
"negative","even",3,20,"Variance",0.06795,0.00177950551418084,1.16334685597108,0,FALSE
"negative","even",3,20,"Combined",0.0567,0.00163531510724998,1.06642903311988,0,TRUE
"negative","even",3,30,"Variance",0.0587,0.00166214184111946,1.07474477119238,0,TRUE
"negative","even",3,30,"Combined",0.0515,0.00156281396845562,1.01497824269974,0,TRUE
"negative","even",3,50,"Variance",0.0557,0.00162168908857401,1.05423811667543,0,TRUE
"negative","even",3,50,"Combined",0.0524,0.00157566240038912,1.0190268401127,0,TRUE
"negative","even",3,100,"Variance",0.05165,0.00156496449640239,1.01851004557056,0,TRUE
"negative","even",3,100,"Combined",0.0501,0.00154256264054333,1.00148816955352,0,TRUE
"negative","even",3,200,"Variance",0.05145,0.00156209630785045,1.01281455155746,0,TRUE
"negative","even",3,200,"Combined",0.0505,0.00154838222025442,1.00434800165937,0,TRUE
"negative","even",4,5,"Variance",0.1727,0.00267277673964737,9.83236438543276,0.0489,FALSE
"negative","even",4,5,"Combined",0.1272,0.00235605772425041,6.65478309099743,0.0489,FALSE
"negative","even",4,6,"Variance",0.14675,0.00250214345611917,3.06024984058852,0.0228,FALSE
"negative","even",4,6,"Combined",0.1073,0.00218845504865876,2.2343781173847,0.0228,FALSE
"negative","even",4,8,"Variance",0.1129,0.00223778450705156,1.85676350856244,0.0045,FALSE
"negative","even",4,8,"Combined",0.08475,0.00196935823937647,1.47997835766042,0.0045,FALSE
"negative","even",4,10,"Variance",0.098,0.00210233203847537,1.52258825660969,8e-04,FALSE
"negative","even",4,10,"Combined",0.074,0.00185099972987572,1.27502830360835,8e-04,FALSE
"negative","even",4,15,"Variance",0.0737,0.00184754309827944,1.25323967058192,0,FALSE
"negative","even",4,15,"Combined",0.06145,0.00169814453890121,1.11711604594845,0,FALSE
"negative","even",4,20,"Variance",0.0674,0.00177281189075435,1.16836055363649,0,FALSE
"negative","even",4,20,"Combined",0.057,0.0016393748808616,1.0730846250578,0,TRUE
"negative","even",4,30,"Variance",0.0615,0.00169879001056634,1.09990582538463,0,FALSE
"negative","even",4,30,"Combined",0.05495,0.00161137359882803,1.04004871317555,0,TRUE
"negative","even",4,50,"Variance",0.05265,0.00157920830639913,1.02605078284786,0,TRUE
"negative","even",4,50,"Combined",0.0493,0.00153084143528976,0.992520577976456,0,TRUE
"negative","even",4,100,"Variance",0.05185,0.00156782616223866,1.01357654151673,0,TRUE
"negative","even",4,100,"Combined",0.0497,0.00153671581627834,0.997005088256211,0,TRUE
"negative","even",4,200,"Variance",0.05175,0.00156639614242375,1.01156877518754,0,TRUE
"negative","even",4,200,"Combined",0.05055,0.00154910776739386,1.00329692330907,0,TRUE
"negative","even",6,5,"Variance",0.18205,0.00272862417254557,Inf,0.05215,FALSE
"negative","even",6,5,"Combined",0.1349,0.00241559506126337,Inf,0.05215,FALSE
"negative","even",6,6,"Variance",0.14815,0.00251198703718789,3.08996392345505,0.0247,FALSE
"negative","even",6,6,"Combined",0.1095,0.002208050610833,2.27648525926843,0.0247,FALSE
"negative","even",6,8,"Variance",0.1143,0.00224983899423937,1.87973558094748,0.005,FALSE
"negative","even",6,8,"Combined",0.08865,0.00200986538728344,1.50788490000664,0.005,FALSE
"negative","even",6,10,"Variance",0.1008,0.00212884193870752,1.56556923793138,0.0015,FALSE
"negative","even",6,10,"Combined",0.07785,0.00189458936843845,1.31752792261954,0.0015,FALSE
"negative","even",6,15,"Variance",0.0745,0.00185674109665295,1.25021099225679,0,FALSE
"negative","even",6,15,"Combined",0.06165,0.00170072451472894,1.11796083541662,0,FALSE
"negative","even",6,20,"Variance",0.06605,0.00175623741988377,1.158368055727,0,FALSE
"negative","even",6,20,"Combined",0.05725,0.00164274826890793,1.06639797893055,0,TRUE
"negative","even",6,30,"Variance",0.0574,0.0016447680687562,1.06582699868932,0,TRUE
"negative","even",6,30,"Combined",0.05105,0.00155634021826849,1.00936957956354,0,TRUE
"negative","even",6,50,"Variance",0.0552,0.0016148213523483,1.04492255288108,0,TRUE
"negative","even",6,50,"Combined",0.0515,0.00156281396845562,1.01169258279062,0,TRUE
"negative","even",6,100,"Variance",0.05255,0.00157779113795204,1.0169805858655,0,TRUE
"negative","even",6,100,"Combined",0.05005,0.00154183328378914,1.00080263053408,0,TRUE
"negative","even",6,200,"Variance",0.0534,0.00158978677815611,1.03402980315531,0,TRUE
"negative","even",6,200,"Combined",0.0527,0.00157991629525111,1.02580337031971,0,TRUE
"negative","even",8,5,"Variance",0.1785,0.00270774583371483,Inf,0.0528,FALSE
"negative","even",8,5,"Combined",0.13505,0.00241672813427576,Inf,0.0528,FALSE
"negative","even",8,6,"Variance",0.1482,0.00251233715890205,3.23748206702599,0.0264,FALSE
"negative","even",8,6,"Combined",0.1135,0.00224296399881942,2.39648705657549,0.0264,FALSE
"negative","even",8,8,"Variance",0.1172,0.00227446872917611,1.92643536334661,0.0063,FALSE
"negative","even",8,8,"Combined",0.0886,0.00200935362741355,1.55055788570061,0.0063,FALSE
"negative","even",8,10,"Variance",0.09795,0.00210185391381038,1.56936199554883,0.00145,FALSE
"negative","even",8,10,"Combined",0.07795,0.00189570300284617,1.3241784889607,0.00145,FALSE
"negative","even",8,15,"Variance",0.07335,0.00184349908462142,1.2236162069074,0,FALSE
"negative","even",8,15,"Combined",0.06025,0.0016825566483777,1.09602034865489,0,FALSE
"negative","even",8,20,"Variance",0.06765,0.00177585863035322,1.16768439766094,0,FALSE
"negative","even",8,20,"Combined",0.0584,0.00165815318954553,1.07630777193868,0,TRUE
"negative","even",8,30,"Variance",0.0612,0.00169491238711622,1.118139583448,0,FALSE
"negative","even",8,30,"Combined",0.05595,0.00162510918863934,1.05977205953763,0,TRUE
"negative","even",8,50,"Variance",0.05825,0.00165615424251487,1.06961637044201,0,TRUE
"negative","even",8,50,"Combined",0.05465,0.00160722396541366,1.03609977297115,0,TRUE
"negative","even",8,100,"Variance",0.05095,0.00155489706250928,1.00979113412441,0,TRUE
"negative","even",8,100,"Combined",0.0494,0.00153231263128645,0.993964541831441,0,TRUE
"negative","even",8,200,"Variance",0.05135,0.00156065975632102,1.00964504143967,0,TRUE
"negative","even",8,200,"Combined",0.0505,0.00154838222025442,1.00173148782129,0,TRUE
"negative","even",12,5,"Variance",0.18045,0.0027192627447527,Inf,0.05695,FALSE
"negative","even",12,5,"Combined",0.1366,0.00242837847132608,Inf,0.05695,FALSE
"negative","even",12,6,"Variance",0.15235,0.00254105762921662,3.23607985102171,0.02825,FALSE
"negative","even",12,6,"Combined",0.11445,0.00225112413584858,2.40658193138095,0.02825,FALSE
"negative","even",12,8,"Variance",0.12145,0.00230976078306824,1.96895216780311,0.00695,FALSE
"negative","even",12,8,"Combined",0.0931,0.00205465800073881,1.59003454776678,0.00695,FALSE
"negative","even",12,10,"Variance",0.09715,0.00209418095564829,1.51970004433399,0.0013,FALSE
"negative","even",12,10,"Combined",0.07565,0.00186985397157104,1.28558536141169,0.0013,FALSE
"negative","even",12,15,"Variance",0.07495,0.00186188744960591,1.25377129842283,5e-05,FALSE
"negative","even",12,15,"Combined",0.0614,0.0016974987481586,1.12489913594291,5e-05,FALSE
"negative","even",12,20,"Variance",0.07085,0.00181425297987905,1.19381863368065,0,FALSE
"negative","even",12,20,"Combined",0.0608,0.00168972423785658,1.1017480419856,0,FALSE
"negative","even",12,30,"Variance",0.0602,0.00168190308876582,1.0966157014452,0,FALSE
"negative","even",12,30,"Combined",0.0538,0.00159539274161568,1.04020958082298,0,TRUE
"negative","even",12,50,"Variance",0.05605,0.0016264746770239,1.05938068371159,0,TRUE
"negative","even",12,50,"Combined",0.05265,0.00157920830639913,1.02667529024345,0,TRUE
"negative","even",12,100,"Variance",0.0513,0.00155994086426377,1.01311108082126,0,TRUE
"negative","even",12,100,"Combined",0.04975,0.00153744816985809,0.997468709309245,0,TRUE
"negative","even",12,200,"Variance",0.0504,0.00154692986266346,1.00663551588398,0,TRUE
"negative","even",12,200,"Combined",0.04985,0.00153891158777884,0.998863353366885,0,TRUE
"negative","odd",0.25,5,"Variance",0.14465,0.00248723116637758,2.53137671888761,0.0072,FALSE
"negative","odd",0.25,5,"Combined",0.0162,0.000892680233902376,0.35067179015768,0.0072,FALSE
"negative","odd",0.25,6,"Variance",0.15755,0.00257612109090392,2.61750706795284,0.0023,FALSE
"negative","odd",0.25,6,"Combined",0.03215,0.00124732468708031,0.724677911659201,0.0023,FALSE
"negative","odd",0.25,8,"Variance",0.12865,0.00236747943496876,2.0053220485833,0.00015,FALSE
"negative","odd",0.25,8,"Combined",0.04365,0.00144472622839069,0.916400955273583,0.00015,TRUE
"negative","odd",0.25,10,"Variance",0.12445,0.00233411865058313,1.93503578381425,5e-05,FALSE
"negative","odd",0.25,10,"Combined",0.05775,0.00164946866444925,1.09365520592546,5e-05,TRUE
"negative","odd",0.25,15,"Variance",0.09645,0.00208743140605865,1.47040505950212,0,FALSE
"negative","odd",0.25,15,"Combined",0.05425,0.0016016700268782,1.04360084891998,0,TRUE
"negative","odd",0.25,20,"Variance",0.0913,0.00203671684335354,1.4354276986652,0,FALSE
"negative","odd",0.25,20,"Combined",0.0613,0.00169620620798298,1.12261052288827,0,FALSE
"negative","odd",0.25,30,"Variance",0.0803,0.00192161273413766,1.31552212116498,0,FALSE
"negative","odd",0.25,30,"Combined",0.06255,0.00171227184611556,1.12422103208397,0,FALSE
"negative","odd",0.25,50,"Variance",0.0695,0.00179819006225705,1.17713200420021,0,FALSE
"negative","odd",0.25,50,"Combined",0.0588,0.00166346866516926,1.07434877540717,0,TRUE
"negative","odd",0.25,100,"Variance",0.06085,0.00169037388615655,1.10571466269494,0,FALSE
"negative","odd",0.25,100,"Combined",0.05615,0.00162783871283368,1.0574137597274,0,TRUE
"negative","odd",0.25,200,"Variance",0.0563,0.00162988205094725,1.05525978982825,0,TRUE
"negative","odd",0.25,200,"Combined",0.0538,0.00159539274161568,1.03220484600506,0,TRUE
"negative","odd",0.5,5,"Variance",0.15055,0.00252868243854384,2.90228297522887,0.01205,FALSE
"negative","odd",0.5,5,"Combined",0.04835,0.00151677746390168,0.968729268041408,0.01205,TRUE
"negative","odd",0.5,6,"Variance",0.1371,0.00243211420373304,2.30854402005834,0.0041,FALSE
"negative","odd",0.5,6,"Combined",0.05145,0.00156209630785045,1.02158109707979,0.0041,TRUE
"negative","odd",0.5,8,"Variance",0.1154,0.00225923482621882,1.82280854854991,4e-04,FALSE
"negative","odd",0.5,8,"Combined",0.0553,0.00161619785298707,1.05874807859746,4e-04,TRUE
"negative","odd",0.5,10,"Variance",0.10225,0.00214236945343234,1.59219087458416,0,FALSE
"negative","odd",0.5,10,"Combined",0.05545,0.00161825982926105,1.05739254465775,0,TRUE
"negative","odd",0.5,15,"Variance",0.08655,0.00198820393194461,1.35763235253438,0,FALSE
"negative","odd",0.5,15,"Combined",0.05575,0.00162237383947104,1.05292294917754,0,TRUE
"negative","odd",0.5,20,"Variance",0.0785,0.00190181163630892,1.28088558653861,0,FALSE
"negative","odd",0.5,20,"Combined",0.0565,0.00163260145167153,1.06501846773109,0,TRUE
"negative","odd",0.5,30,"Variance",0.06425,0.00173380993047104,1.13798882070209,0,FALSE
"negative","odd",0.5,30,"Combined",0.05065,0.00155055760131638,1.00998225616732,0,TRUE
"negative","odd",0.5,50,"Variance",0.0589,0.00166479413141685,1.07712797547596,0,TRUE
"negative","odd",0.5,50,"Combined",0.0507,0.00155128188927738,1.00436341558984,0,TRUE
"negative","odd",0.5,100,"Variance",0.054,0.00159818647222406,1.03810075887558,0,TRUE
"negative","odd",0.5,100,"Combined",0.05055,0.00154910776739386,1.0030120658187,0,TRUE
"negative","odd",0.5,200,"Variance",0.0527,0.00157991629525111,1.02374840957022,0,TRUE
"negative","odd",0.5,200,"Combined",0.05075,0.00155200575868777,1.00644054903076,0,TRUE
"negative","odd",1,5,"Variance",0.15695,0.00257212652779757,3.37427191999217,0.0226,FALSE
"negative","odd",1,5,"Combined",0.08575,0.00197986031704259,1.77436937713029,0.0226,FALSE
"negative","odd",1,6,"Variance",0.13375,0.00240687491885224,2.39824358300163,0.009,FALSE
"negative","odd",1,6,"Combined",0.0757,0.00187042120924673,1.4476806086586,0.009,FALSE
"negative","odd",1,8,"Variance",0.1082,0.00219650586159018,1.76078028110003,0.0012,FALSE
"negative","odd",1,8,"Combined",0.0684,0.00178495714234264,1.23543656424418,0.0012,FALSE
"negative","odd",1,10,"Variance",0.0975,0.00209754320575286,1.5339959385579,2e-04,FALSE
"negative","odd",1,10,"Combined",0.06465,0.00173882686745978,1.16704280634708,2e-04,FALSE
"negative","odd",1,15,"Variance",0.07765,0.00189235934087583,1.28526066163091,0,FALSE
"negative","odd",1,15,"Combined",0.0587,0.00166214184111946,1.07968951136384,0,TRUE
"negative","odd",1,20,"Variance",0.0727,0.00183595629032938,1.21535876593546,0,FALSE
"negative","odd",1,20,"Combined",0.05645,0.00163192214121875,1.06935189043555,0,TRUE
"negative","odd",1,30,"Variance",0.0617,0.00170136871371258,1.10230619126738,0,FALSE
"negative","odd",1,30,"Combined",0.0521,0.00157139412624586,1.01389332708354,0,TRUE
"negative","odd",1,50,"Variance",0.05765,0.00164812738433654,1.06255058270578,0,TRUE
"negative","odd",1,50,"Combined",0.0513,0.00155994086426377,1.01135624385231,0,TRUE
"negative","odd",1,100,"Variance",0.0527,0.00157991629525111,1.01986029291106,0,TRUE
"negative","odd",1,100,"Combined",0.0493,0.00153084143528976,0.995270010350137,0,TRUE
"negative","odd",1,200,"Variance",0.05125,0.00155922156058721,1.00709342219927,0,TRUE
"negative","odd",1,200,"Combined",0.0495,0.00153378209012884,0.994946878195549,0,TRUE
"negative","odd",2,5,"Variance",0.1679,0.00264300576995208,5.07584166431133,0.0376,FALSE
"negative","odd",2,5,"Combined",0.11555,0.00226051097652721,3.230087809289,0.0376,FALSE
"negative","odd",2,6,"Variance",0.13785,0.00243769745354094,2.64776411702193,0.01655,FALSE
"negative","odd",2,6,"Combined",0.09335,0.00205713122454548,1.84306776770182,0.01655,FALSE
"negative","odd",2,8,"Variance",0.1149,0.00225497217277731,1.81937577481965,0.00275,FALSE
"negative","odd",2,8,"Combined",0.08195,0.00193951279320349,1.40316239531725,0.00275,FALSE
"negative","odd",2,10,"Variance",0.0943,0.00206648868857296,1.48817823781811,6e-04,FALSE
"negative","odd",2,10,"Combined",0.06895,0.0017915900409971,1.2152279142413,6e-04,FALSE
"negative","odd",2,15,"Variance",0.07665,0.00188115360218138,1.25460552948449,0,FALSE
"negative","odd",2,15,"Combined",0.0601,0.00168059498392682,1.10075412098477,0,FALSE
"negative","odd",2,20,"Variance",0.06745,0.00177342179838864,1.16696752585492,0,FALSE
"negative","odd",2,20,"Combined",0.0571,0.00164072529693426,1.05948412755024,0,TRUE
"negative","odd",2,30,"Variance",0.06085,0.00169037388615655,1.09590060845543,0,FALSE
"negative","odd",2,30,"Combined",0.05305,0.00158486115322447,1.0285116570148,0,TRUE
"negative","odd",2,50,"Variance",0.05555,0.00161963263581591,1.04714721728158,0,TRUE
"negative","odd",2,50,"Combined",0.0507,0.00155128188927738,1.00846807702598,0,TRUE
"negative","odd",2,100,"Variance",0.05375,0.0015946933482648,1.03002180567673,0,TRUE
"negative","odd",2,100,"Combined",0.051,0.00155561884791873,1.01098209561537,0,TRUE
"negative","odd",2,200,"Variance",0.0523,0.00157424124580701,1.01724460746173,0,TRUE
"negative","odd",2,200,"Combined",0.0512,0.0015585018447214,1.00783878861278,0,TRUE
"negative","odd",3,5,"Variance",0.1724,0.00267093841186951,5.8599728457481,0.04215,FALSE
"negative","odd",3,5,"Combined",0.1219,0.00231344321304846,3.89222897885087,0.04215,FALSE
"negative","odd",3,6,"Variance",0.1402,0.00245503523396305,2.64484310956193,0.0178,FALSE
"negative","odd",3,6,"Combined",0.0994,0.00211565167265313,1.90292689551498,0.0178,FALSE
"negative","odd",3,8,"Variance",0.115,0.00225582579114612,1.87034127455265,0.0041,FALSE
"negative","odd",3,8,"Combined",0.0878,0.00200113917556976,1.47564552195361,0.0041,FALSE
"negative","odd",3,10,"Variance",0.0955,0.00207821738516451,1.54351421555679,0.00095,FALSE
"negative","odd",3,10,"Combined",0.07395,0.00185042424189698,1.28245711572993,0.00095,FALSE
"negative","odd",3,15,"Variance",0.07435,0.00185502125998599,1.21973444881483,5e-05,FALSE
"negative","odd",3,15,"Combined",0.05855,0.00166014905204322,1.08186933569718,5e-05,TRUE
"negative","odd",3,20,"Variance",0.0662,0.00175808930376133,1.14988208383178,0,FALSE
"negative","odd",3,20,"Combined",0.05585,0.00162374224401535,1.05228643854948,0,TRUE
"negative","odd",3,30,"Variance",0.05875,0.00166280542307271,1.08382082412493,0,TRUE
"negative","odd",3,30,"Combined",0.05235,0.0015749520230788,1.02242066399067,0,TRUE
"negative","odd",3,50,"Variance",0.05285,0.00158203788671447,1.02410972948444,0,TRUE
"negative","odd",3,50,"Combined",0.0483,0.00151603281626751,0.989265552731716,0,TRUE
"negative","odd",3,100,"Variance",0.0505,0.00154838222025442,1.00332936515441,0,TRUE
"negative","odd",3,100,"Combined",0.0485,0.00151900872281893,0.986248403556319,0,TRUE
"negative","odd",3,200,"Variance",0.0519,0.00156854056370883,1.02024055246167,0,TRUE
"negative","odd",3,200,"Combined",0.05105,0.00155634021826849,1.01155297219945,0,TRUE
"negative","odd",4,5,"Variance",0.17585,0.00269190246387197,8.46445517700685,0.04795,FALSE
"negative","odd",4,5,"Combined",0.1295,0.00237412878757661,5.71480822211072,0.04795,FALSE
"negative","odd",4,6,"Variance",0.1463,0.00249896288487845,2.90110736442031,0.01955,FALSE
"negative","odd",4,6,"Combined",0.1081,0.00219561369553025,2.11415652352817,0.01955,FALSE
"negative","odd",4,8,"Variance",0.1149,0.00225497217277731,1.83880689265241,0.00485,FALSE
"negative","odd",4,8,"Combined",0.0856,0.00197829017082935,1.46375829200923,0.00485,FALSE
"negative","odd",4,10,"Variance",0.096,0.00208307465060665,1.54881610466021,7e-04,FALSE
"negative","odd",4,10,"Combined",0.0759,0.00187268777429661,1.29570935002863,7e-04,FALSE
"negative","odd",4,15,"Variance",0.0757,0.00187042120924673,1.24962135315087,5e-05,FALSE
"negative","odd",4,15,"Combined",0.062,0.00170522725758182,1.11320300789654,5e-05,FALSE
"negative","odd",4,20,"Variance",0.0673,0.00177159123389116,1.16358802576745,0,FALSE
"negative","odd",4,20,"Combined",0.05705,0.00164005026599797,1.06822170331951,0,TRUE
"negative","odd",4,30,"Variance",0.0606,0.00168712240219849,1.10304905951337,0,FALSE
"negative","odd",4,30,"Combined",0.0547,0.00160791650902651,1.04271825658716,0,TRUE
"negative","odd",4,50,"Variance",0.05535,0.00161688554789756,1.04113576973012,0,TRUE
"negative","odd",4,50,"Combined",0.05045,0.00154765625220848,1.00694141844221,0,TRUE
"negative","odd",4,100,"Variance",0.0487,0.00152197749654849,0.985218866959266,0,TRUE
"negative","odd",4,100,"Combined",0.0469,0.00149499816053399,0.969030123343942,0,TRUE
"negative","odd",4,200,"Variance",0.04775,0.00150781194948176,0.987045309605047,0,TRUE
"negative","odd",4,200,"Combined",0.04695,0.0014957556200797,0.978933473483088,0,TRUE
"negative","odd",6,5,"Variance",0.17735,0.00270089779055039,Inf,0.05025,FALSE
"negative","odd",6,5,"Combined",0.13155,0.00239002717034765,Inf,0.05025,FALSE
"negative","odd",6,6,"Variance",0.15195,0.00253831831632678,3.27285459661977,0.02495,FALSE
"negative","odd",6,6,"Combined",0.1136,0.00224382530514298,2.41085211409082,0.02495,FALSE
"negative","odd",6,8,"Variance",0.11425,0.00224941033940008,1.81509652824263,0.00525,FALSE
"negative","odd",6,8,"Combined",0.0854,0.00197619381640567,1.45587723115943,0.00525,FALSE
"negative","odd",6,10,"Variance",0.0968,0.00209081036921094,1.53338424152455,0.0015,FALSE
"negative","odd",6,10,"Combined",0.07575,0.00187098820814029,1.2903372233964,0.0015,FALSE
"negative","odd",6,15,"Variance",0.07575,0.00187098820814029,1.24891879328916,0,FALSE
"negative","odd",6,15,"Combined",0.0633,0.0017218174990399,1.11674848721113,0,FALSE
"negative","odd",6,20,"Variance",0.0656,0.00175066615892351,1.14346535244553,0,FALSE
"negative","odd",6,20,"Combined",0.05555,0.00161963263581591,1.05263951139609,0,TRUE
"negative","odd",6,30,"Variance",0.05665,0.00163463723039701,1.05422566450796,0,TRUE
"negative","odd",6,30,"Combined",0.0498,0.00153818009348711,0.998358843399715,0,TRUE
"negative","odd",6,50,"Variance",0.053,0.00158415592666884,1.03206243162826,0,TRUE
"negative","odd",6,50,"Combined",0.0499,0.00153964265334525,0.999227388343238,0,TRUE
"negative","odd",6,100,"Variance",0.0525,0.00157708195728694,1.02270881494998,0,TRUE
"negative","odd",6,100,"Combined",0.05095,0.00155489706250928,1.00643278338356,0,TRUE
"negative","odd",6,200,"Variance",0.0497,0.00153671581627834,0.996700343552006,0,TRUE
"negative","odd",6,200,"Combined",0.04885,0.00152419942100763,0.988767506165916,0,TRUE
"negative","odd",8,5,"Variance",0.18325,0.00273559351421223,Inf,0.05285,FALSE
"negative","odd",8,5,"Combined",0.13825,0.00244066525254899,Inf,0.05285,FALSE
"negative","odd",8,6,"Variance",0.1481,0.00251163681689849,3.1709426268207,0.02575,FALSE
"negative","odd",8,6,"Combined",0.1131,0.00223951322836013,2.3471980374525,0.02575,FALSE
"negative","odd",8,8,"Variance",0.1143,0.00224983899423937,1.87284926069737,0.0069,FALSE
"negative","odd",8,8,"Combined",0.08725,0.00199546282225453,1.50741206130205,0.0069,FALSE
"negative","odd",8,10,"Variance",0.09365,0.00206009317143667,1.53352576963778,9e-04,FALSE
"negative","odd",8,10,"Combined",0.0733,0.00184292037266942,1.29393106113755,9e-04,FALSE
"negative","odd",8,15,"Variance",0.07435,0.00185502125998599,1.22615127776633,0,FALSE
"negative","odd",8,15,"Combined",0.06045,0.00168516761035809,1.09828577943726,0,FALSE
"negative","odd",8,20,"Variance",0.0681,0.00178132520893856,1.17067469051085,0,FALSE
"negative","odd",8,20,"Combined",0.05845,0.00165881881922047,1.07906027767309,0,TRUE
"negative","odd",8,30,"Variance",0.0608,0.00168972423785658,1.09245006929083,0,FALSE
"negative","odd",8,30,"Combined",0.0542,0.00160097407849097,1.03542120165879,0,TRUE
"negative","odd",8,50,"Variance",0.05715,0.00164139997410747,1.06982976213594,0,TRUE
"negative","odd",8,50,"Combined",0.0538,0.00159539274161568,1.03630509778577,0,TRUE
"negative","odd",8,100,"Variance",0.0528,0.00158133108487755,1.02805662076002,0,TRUE
"negative","odd",8,100,"Combined",0.0512,0.0015585018447214,1.01194308830137,0,TRUE
"negative","odd",8,200,"Variance",0.05235,0.0015749520230788,1.02105208679277,0,TRUE
"negative","odd",8,200,"Combined",0.0518,0.00156711135532865,1.01304879624773,0,TRUE
"negative","odd",12,5,"Variance",0.1764,0.00269520908279859,Inf,0.0581,FALSE
"negative","odd",12,5,"Combined",0.13685,0.00243024769828098,Inf,0.0581,FALSE
"negative","odd",12,6,"Variance",0.1528,0.00254413207204343,3.40042224273024,0.0286,FALSE
"negative","odd",12,6,"Combined",0.1159,0.00226348392969776,2.5287983551107,0.0286,FALSE
"negative","odd",12,8,"Variance",0.1158,0.00226263518933124,1.88057674788842,0.00605,FALSE
"negative","odd",12,8,"Combined",0.0875,0.00199804592039322,1.51866648377398,0.00605,FALSE
"negative","odd",12,10,"Variance",0.09975,0.00211896127265224,1.53584118494247,0.0016,FALSE
"negative","odd",12,10,"Combined",0.07745,0.0018901256241319,1.29923979684457,0.0016,FALSE
"negative","odd",12,15,"Variance",0.07915,0.0019089955146621,1.28909657635486,0,FALSE
"negative","odd",12,15,"Combined",0.0651,0.00174444819355577,1.15659335104411,0,FALSE
"negative","odd",12,20,"Variance",0.07045,0.00180951371229952,1.18460409842212,0,FALSE
"negative","odd",12,20,"Combined",0.06065,0.00168777334823133,1.09324411463419,0,FALSE
"negative","odd",12,30,"Variance",0.06095,0.00169167221263459,1.09399067616433,0,FALSE
"negative","odd",12,30,"Combined",0.05375,0.0015946933482648,1.03771955161582,0,TRUE
"negative","odd",12,50,"Variance",0.0567,0.00163531510724998,1.05982646313889,0,TRUE
"negative","odd",12,50,"Combined",0.0533,0.0015883814088562,1.02710729229622,0,TRUE
"negative","odd",12,100,"Variance",0.0511,0.00155706117413543,1.0159261390993,0,TRUE
"negative","odd",12,100,"Combined",0.05005,0.00154183328378914,1.00024029598701,0,TRUE
"negative","odd",12,200,"Variance",0.0521,0.00157139412624586,1.01418306890232,0,TRUE
"negative","odd",12,200,"Combined",0.0508,0.00155272921013292,1.00635262862409,0,TRUE
