"regime","regime_label","alpha_nominal","N","M","Q","statistic","n_phi","coverage_phi_000","coverage_phi_050","coverage_phi_080","coverage_phi_090","coverage_phi_095","coverage_range","coverage_sd_across_phi","coverage_slope_per_unit_phi","drop_phi000_to_095","drop_phi050_to_095","mean_absolute_coverage_error","max_absolute_coverage_error","normalized_length_phi_000","normalized_length_phi_050","normalized_length_phi_080","normalized_length_phi_090","normalized_length_phi_095","normalized_length_range","normalized_length_slope_per_unit_phi"
"alpha_1_3","M = N^(1/3)",0.333333333333333,64,4,16,"raw",20,0.92445,0.86366,0.70081,0.53549,0.37986,0.54459,0.145958119222965,-0.418209172932331,-0.54459,-0.4838,0.1403875,0.57014,0.9716695004109,0.800638715224887,0.547017462449127,0.381567725605902,0.25821400716562,0.713455493245281,-0.649761807819566
"alpha_1_3","M = N^(1/3)",0.333333333333333,64,4,16,"K_asym_full",20,0.93669,0.8618,0.6496,0.43373,0.25118,0.68551,0.186296672840872,-0.534508270676691,-0.68551,-0.61062,0.159082,0.69882,1.0220897971286,0.796393591163921,0.487597756691324,0.296811978461935,0.165687331913274,0.85640246521533,-0.797625337623169
"alpha_1_3","M = N^(1/3)",0.333333333333333,64,4,16,"K_leading",20,0.93669,0.88115,0.72314,0.55657,0.39617,0.54052,0.143946660891603,-0.407622706766918,-0.54052,-0.48498,0.1233415,0.55383,1.0220897971286,0.842124505154059,0.575140469355464,0.400957524651077,0.271198373933434,0.750891423195169,-0.683895813246136
"alpha_1_3","M = N^(1/3)",0.333333333333333,64,4,16,"V_oracle",20,0.92445,0.91924,0.89692,0.851,0.76883,0.15718,0.0371796816150972,-0.0849111278195488,-0.15562,-0.15041,0.0438375,0.18117,0.9716695004109,0.960006471930789,0.904983106805402,0.804652533289457,0.653731893487508,0.317937606923392,-0.181499787090472
"alpha_1_3","M = N^(1/3)",0.333333333333333,64,4,16,"V_feasible",20,0.92182,0.89818,0.76633,0.60146,0.43666,0.48698,0.128395225229921,-0.339665413533835,-0.48516,-0.46152,0.1068175,0.51334,0.992353903709973,0.897840294248165,0.634811606542069,0.445914598233355,0.302327234834653,0.690026668875321,-0.604005382768197
"alpha_1_3","M = N^(1/3)",0.333333333333333,64,4,16,"VK_asym_full_oracle",20,0.93669,0.91768,0.86204,0.76062,0.5998,0.33691,0.0809248523078827,-0.196719398496241,-0.33689,-0.31788,0.060945,0.3502,1.0220897971286,0.954914531362601,0.808360043712215,0.636249836075218,0.444156777449515,0.577933019679088,-0.413391594598458
"alpha_1_3","M = N^(1/3)",0.333333333333333,64,4,16,"VK_leading_oracle",20,0.93669,0.93135,0.91126,0.86567,0.78317,0.15462,0.0364665672406355,-0.0823939849624059,-0.15352,-0.14818,0.0312,0.16683,1.0220897971286,1.00972648462165,0.950062740960034,0.840779446482332,0.678033599889142,0.344056197239461,-0.196571298668039
"alpha_1_3","M = N^(1/3)",0.333333333333333,64,4,16,"VK_asym_full_feasible",20,0.93423,0.89683,0.71458,0.49431,0.29086,0.64402,0.171827825787143,-0.461397293233083,-0.64337,-0.60597,0.126559,0.65914,1.04757796318425,0.892944049731692,0.565163918084601,0.346469276801885,0.193882597912247,0.853695365271999,-0.773862079662052
"alpha_1_3","M = N^(1/3)",0.333333333333333,64,4,16,"F_feasible_leading",20,0.93423,0.91224,0.78751,0.62373,0.45547,0.48043,0.125736364747833,-0.328745563909774,-0.47876,-0.45677,0.091141,0.49453,1.04757796318425,0.945748266223806,0.667783606316113,0.468642396502767,0.317507051761213,0.730070911423032,-0.639907109256869
"alpha_1_2","M = N^(1/2)",0.5,64,8,8,"raw",20,0.88069,0.8513,0.75503,0.62146,0.46754,0.41315,0.104629823426512,-0.275656691729323,-0.41315,-0.38376,0.1396115,0.48246,0.893287563909485,0.811544308529973,0.635487690371724,0.471668790336111,0.329334888215886,0.563952675693599,-0.449099525734341
"alpha_1_2","M = N^(1/2)",0.5,64,8,8,"K_asym_full",20,0.90722,0.86438,0.72594,0.53118,0.32552,0.5817,0.148650953593344,-0.393812932330827,-0.5817,-0.53886,0.143856,0.62448,0.985343484991311,0.845786677300184,0.592043016483372,0.382011434212368,0.219105207037806,0.766238277953505,-0.645289796177527
"alpha_1_2","M = N^(1/2)",0.5,64,8,8,"K_leading",20,0.90722,0.88136,0.79371,0.66289,0.5073,0.39992,0.100361677006609,-0.259350676691729,-0.39992,-0.37406,0.107763,0.4427,0.985343484991311,0.895158384717557,0.700725965494788,0.519721412269498,0.362572136189435,0.622771348801876,-0.495927485596101
"alpha_1_2","M = N^(1/2)",0.5,64,8,8,"V_oracle",20,0.88069,0.87537,0.84933,0.79734,0.70721,0.17439,0.0412413034245754,-0.0942702255639098,-0.17348,-0.16816,0.0906335,0.24279,0.893287563909485,0.875598832221184,0.818326714586536,0.720798092923921,0.579636434549519,0.313651129359966,-0.185787618345407
"alpha_1_2","M = N^(1/2)",0.5,64,8,8,"V_feasible",20,0.87665,0.86867,0.79578,0.67143,0.51713,0.36005,0.0900370609716968,-0.21467969924812,-0.35952,-0.35154,0.120517,0.43287,0.913704211871507,0.874075627897757,0.708888411682589,0.531065493228108,0.371947059997692,0.541757151873815,-0.399680475536738
"alpha_1_2","M = N^(1/2)",0.5,64,8,8,"VK_asym_full_oracle",20,0.90722,0.88699,0.82631,0.7237,0.56627,0.34095,0.0821229963690535,-0.20293954887218,-0.34095,-0.32072,0.093412,0.38373,0.985343484991311,0.911950473966233,0.765703922360443,0.599217019203135,0.416891265633875,0.568452219357436,-0.41286067972014
"alpha_1_2","M = N^(1/2)",0.5,64,8,8,"VK_leading_oracle",20,0.90722,0.90145,0.87712,0.82538,0.7332,0.1751,0.0412159938647991,-0.0933066165413533,-0.17402,-0.16825,0.0637634999999999,0.2168,0.985343484991311,0.96417511852052,0.895376754113448,0.779981963478326,0.61750977047916,0.367833714512151,-0.220382950761071
"alpha_1_2","M = N^(1/2)",0.5,64,8,8,"VK_asym_full_feasible",20,0.90432,0.8811,0.76849,0.58119,0.36538,0.53894,0.135376151031701,-0.335688872180451,-0.53894,-0.51572,0.1250845,0.58462,1.01453810783677,0.911896850747118,0.660587653314205,0.430967154878093,0.248459380477394,0.766078727359379,-0.616591308713429
"alpha_1_2","M = N^(1/2)",0.5,64,8,8,"F_feasible_leading",20,0.90432,0.89645,0.83129,0.71198,0.55692,0.34785,0.086095392472536,-0.202506917293233,-0.3474,-0.33953,0.0901145,0.39308,1.01453810783677,0.966352071302517,0.780915824474362,0.584013222951237,0.408475705971197,0.606062401865577,-0.450677964972169
"alpha_2_3","M = N^(2/3)",0.666666666666667,64,16,4,"raw",20,0.76135,0.74495,0.69804,0.61258,0.49156,0.26979,0.0652892345764518,-0.161621654135338,-0.26979,-0.25339,0.229096,0.45844,0.706020399132979,0.671967311288299,0.591702567596182,0.482592405744365,0.357026783309033,0.348993615823946,-0.235424432016907
"alpha_2_3","M = N^(2/3)",0.666666666666667,64,16,4,"K_asym_full",20,0.81341,0.78292,0.70174,0.56429,0.3784,0.43501,0.106094142974158,-0.268838345864662,-0.43501,-0.40452,0.2055995,0.5716,0.829194123079634,0.751296888365829,0.597947079179023,0.427308875466924,0.260862948859418,0.568331174220216,-0.424272464634456
"alpha_2_3","M = N^(2/3)",0.666666666666667,64,16,4,"K_leading",20,0.81341,0.79844,0.75583,0.67514,0.55484,0.25857,0.062106379289257,-0.15095067669173,-0.25857,-0.2436,0.173927,0.39516,0.829194123079634,0.789029512767752,0.694794471473629,0.566421701676643,0.418917603170026,0.410276519909608,-0.276763687117395
"alpha_2_3","M = N^(2/3)",0.666666666666667,64,16,4,"V_oracle",20,0.76135,0.75334,0.72946,0.67854,0.59064,0.17071,0.040270248728206,-0.0930655639097741,-0.17071,-0.1627,0.210802,0.35936,0.706020399132979,0.688579188728783,0.645493741672825,0.571314814525049,0.458218801990445,0.247801597142535,-0.145771778295479
"alpha_2_3","M = N^(2/3)",0.666666666666667,64,16,4,"V_feasible",20,0.75804,0.75019,0.71144,0.62997,0.50956,0.24848,0.0600251942718091,-0.138455037593985,-0.24848,-0.24063,0.22314,0.44044,0.710172448788755,0.688627283576163,0.616166805434844,0.504906362337111,0.374229722212271,0.335942726576485,-0.213362409560667
"alpha_2_3","M = N^(2/3)",0.666666666666667,64,16,4,"VK_asym_full_oracle",20,0.81341,0.78994,0.73291,0.63951,0.49641,0.317,0.0762085440350842,-0.192600451127819,-0.317,-0.29353,0.1868445,0.45359,0.829194123079634,0.767583863691884,0.651697118904206,0.516388162807965,0.361595032018865,0.467599091060769,-0.334589971883875
"alpha_2_3","M = N^(2/3)",0.666666666666667,64,16,4,"VK_leading_oracle",20,0.81341,0.80461,0.77862,0.72252,0.62608,0.18733,0.0442041752344492,-0.102171278195489,-0.18733,-0.17853,0.1609585,0.32392,0.829194123079634,0.804749502367486,0.744148683189174,0.643685370400696,0.501183828473593,0.328010294606041,-0.198769566581469
"alpha_2_3","M = N^(2/3)",0.666666666666667,64,16,4,"VK_asym_full_feasible",20,0.81099,0.7873,0.71528,0.58374,0.39588,0.41511,0.100425584770909,-0.246152330827067,-0.41511,-0.39142,0.2000065,0.55412,0.835961459475497,0.768837758936113,0.622463962502432,0.448766920245624,0.275677604854282,0.560283854621215,-0.406170364236207
"alpha_2_3","M = N^(2/3)",0.666666666666667,64,16,4,"F_feasible_leading",20,0.81099,0.80226,0.76614,0.6886,0.56978,0.24121,0.0578486887696551,-0.133214285714286,-0.24121,-0.23248,0.1695585,0.38022,0.835961459475497,0.806476007891336,0.718417999356899,0.587629284968456,0.43516405827398,0.400797401201516,-0.259091548034591
"alpha_1_3","M = N^(1/3)",0.333333333333333,729,9,81,"raw",20,0.94707,0.92578,0.85788,0.75344,0.60569,0.34138,0.0839767956295698,-0.212766616541353,-0.34138,-0.32009,0.055664,0.34431,1.00129498310295,0.923287956593874,0.75558108444135,0.591367521156289,0.439478582628052,0.561816400474898,-0.439183705196346
"alpha_1_3","M = N^(1/3)",0.333333333333333,729,9,81,"K_asym_full",20,0.94912,0.92693,0.85552,0.74264,0.57965,0.36947,0.0905510815928312,-0.227539398496241,-0.36947,-0.34728,0.0568424999999999,0.37035,1.01090243954308,0.927740262196654,0.751007238294605,0.577836169783048,0.415800175332636,0.595102264210445,-0.464504426332307
"alpha_1_3","M = N^(1/3)",0.333333333333333,729,9,81,"K_leading",20,0.94912,0.92821,0.86186,0.75769,0.6101,0.33902,0.0833257779283723,-0.210361503759399,-0.33902,-0.31811,0.052794,0.3399,1.01090243954308,0.932146653938083,0.762828135243714,0.597032485102921,0.443677873139091,0.56722456640399,-0.443407227061055
"alpha_1_3","M = N^(1/3)",0.333333333333333,729,9,81,"V_oracle",20,0.94707,0.9463,0.94729,0.94728,0.94243,0.00639000000000001,0.00134445880326777,-0.00160270676691712,-0.00463999999999998,-0.00387000000000004,0.00294699999999996,0.00756999999999997,1.00129498310295,1.00112082431002,1.00346825748759,1.00372932416456,1.00430355607573,0.00383081740394275,0.00328793515793869
"alpha_1_3","M = N^(1/3)",0.333333333333333,729,9,81,"V_feasible",20,0.94669,0.94335,0.89985,0.81102,0.6712,0.27695,0.0670448493154906,-0.149633834586466,-0.27549,-0.27215,0.0338225,0.2788,1.00451671524646,0.98981517290796,0.848546490778419,0.673388214935921,0.503560469393493,0.50145451213347,-0.34469418159177
"alpha_1_3","M = N^(1/3)",0.333333333333333,729,9,81,"VK_asym_full_oracle",20,0.94912,0.94766,0.94597,0.94187,0.92829,0.0219600000000001,0.00488427926590695,-0.0107351879699249,-0.02083,-0.01937,0.00316949999999998,0.02171,1.01090243954308,1.0059667281567,0.997297468314788,0.979961276678265,0.94697329106825,0.0640340985015641,-0.0357047824672489
"alpha_1_3","M = N^(1/3)",0.333333333333333,729,9,81,"VK_leading_oracle",20,0.94912,0.94867,0.94958,0.94932,0.94462,0.00607999999999997,0.00129371873214185,-0.00152977443609004,-0.00449999999999995,-0.00405,0.000993499999999975,0.00537999999999994,1.01090243954308,1.01076292047584,1.01324920276468,1.01369621099688,1.01452186649013,0.00442489204777674,0.00368308459869081
"alpha_1_3","M = N^(1/3)",0.333333333333333,729,9,81,"VK_asym_full_feasible",20,0.94879,0.94439,0.89784,0.80075,0.64403,0.30596,0.0738220173190399,-0.164388872180451,-0.30476,-0.30036,0.034991,0.30597,1.01426924621666,0.994635158099171,0.843367625330682,0.657871004164292,0.476276633452778,0.538128778297047,-0.372294822235579
"alpha_1_3","M = N^(1/3)",0.333333333333333,729,9,81,"F_feasible_leading",20,0.94879,0.94547,0.90292,0.81529,0.67561,0.27485,0.066405502187616,-0.147700902255639,-0.27318,-0.26986,0.0312155,0.27439,1.01426924621666,0.999406102519125,0.856753752223379,0.679886855313274,0.508401907215408,0.506370905707759,-0.348084544193248
"alpha_1_2","M = N^(1/2)",0.5,729,27,27,"raw",20,0.93828,0.93127,0.91386,0.87757,0.79463,0.14365,0.0331569735302276,-0.0747103759398496,-0.14365,-0.13664,0.029431,0.15537,0.992413869191563,0.966967304849085,0.905732667800652,0.80759877683401,0.664033242200453,0.328758690886823,-0.203800216330769
"alpha_1_2","M = N^(1/2)",0.5,729,27,27,"K_asym_full",20,0.9449,0.93795,0.91749,0.87594,0.77806,0.16684,0.0384636608953657,-0.0856324812030075,-0.16684,-0.15989,0.025081,0.17194,1.02230623134568,0.991127574681392,0.91774889421686,0.803681643850174,0.638737893487718,0.383583345960511,-0.24092767183661
"alpha_1_2","M = N^(1/2)",0.5,729,27,27,"K_leading",20,0.9449,0.93922,0.92202,0.88793,0.80714,0.13776,0.0317872893995135,-0.0708953383458646,-0.13776,-0.13208,0.021619,0.14286,1.02230623134568,0.996103983931755,0.933019145959229,0.831914232154723,0.683962277537486,0.338745799725604,-0.209967678849688
"alpha_1_2","M = N^(1/2)",0.5,729,27,27,"V_oracle",20,0.93828,0.93813,0.93817,0.93739,0.93167,0.00797999999999999,0.0016137321078139,-0.00246421052631585,-0.00661,-0.00646000000000002,0.0121145,0.01833,0.992413869191563,0.991792729720914,0.991156856138862,0.988787217289887,0.983380169428276,0.0112593195756499,-0.00463882592141647
"alpha_1_2","M = N^(1/2)",0.5,729,27,27,"V_feasible",20,0.93661,0.93725,0.93323,0.90991,0.84203,0.09687,0.0217662299034658,-0.0372763909774433,-0.0945800000000001,-0.0952200000000001,0.019688,0.10797,1.00019904849091,0.998216286640682,0.977652519977367,0.894683090121063,0.745907971339973,0.256270382336471,-0.117757289018017
"alpha_1_2","M = N^(1/2)",0.5,729,27,27,"VK_asym_full_oracle",20,0.9449,0.94378,0.94111,0.93624,0.92166,0.0237499999999999,0.00537985645963865,-0.0119204511278194,-0.0232399999999999,-0.0221199999999999,0.00774849999999996,0.0283399999999999,1.02230623134568,1.01660935274801,1.00437511309913,0.983935250518078,0.945160602114187,0.0790662945285028,-0.0449632836305325
"alpha_1_2","M = N^(1/2)",0.5,729,27,27,"VK_leading_oracle",20,0.9449,0.94505,0.94491,0.94424,0.93881,0.00727999999999995,0.00152628298059111,-0.00221578947368397,-0.00608999999999993,-0.00623999999999991,0.00524849999999996,0.0111899999999999,1.02230623134568,1.02172114052669,1.02117498711779,1.01891392554741,1.01350675857444,0.0111077380961244,-0.00443726157597707
"alpha_1_2","M = N^(1/2)",0.5,729,27,27,"VK_asym_full_feasible",20,0.94372,0.94279,0.93691,0.90851,0.82664,0.11807,0.0267397944919867,-0.0485070676691731,-0.11708,-0.11615,0.0154409999999999,0.12336,1.03122023642368,1.02379825698634,0.99085773543776,0.89028489290704,0.717208372974385,0.315660505583937,-0.156625963738232
"alpha_1_2","M = N^(1/2)",0.5,729,27,27,"F_feasible_leading",20,0.94372,0.94393,0.94065,0.91885,0.85334,0.09206,0.0207404091912636,-0.0353565413533831,-0.09038,-0.0905900000000001,0.0123345,0.09666,1.03122023642368,1.02907279374238,1.00764997098152,0.921999010887013,0.768535359716055,0.264736043341145,-0.121905862345227
"alpha_2_3","M = N^(2/3)",0.666666666666667,729,81,9,"raw",20,0.89196,0.88945,0.88348,0.87489,0.84642,0.04615,0.0103407306445511,-0.023644060150376,-0.04554,-0.04303,0.0639055,0.10358,0.911124539874755,0.903102708756418,0.884320247757469,0.854623672264088,0.793014889090742,0.121222851549904,-0.0685882906821156
"alpha_2_3","M = N^(2/3)",0.666666666666667,729,81,9,"K_asym_full",20,0.9146,0.91156,0.90327,0.89042,0.85198,0.06362,0.014419819137124,-0.0330756390977442,-0.06262,-0.0595800000000001,0.0430744999999999,0.09802,0.995163890838208,0.98119553373462,0.949310969737153,0.900263539484946,0.806053616368205,0.192062459859933,-0.112365322720069
"alpha_2_3","M = N^(2/3)",0.666666666666667,729,81,9,"K_leading",20,0.9146,0.91294,0.90783,0.90043,0.87464,0.04112,0.00920544409860989,-0.0207900751879698,-0.03996,-0.0383,0.040007,0.07536,0.995163890838208,0.986356347495558,0.965868045423071,0.933444892131895,0.866082716540971,0.132428932418809,-0.0749116701043267
"alpha_2_3","M = N^(2/3)",0.666666666666667,729,81,9,"V_oracle",20,0.89196,0.89134,0.89062,0.89096,0.88364,0.00968999999999998,0.00197366477183411,-0.00381984962406029,-0.00831999999999999,-0.00770000000000004,0.058985,0.06636,0.911124539874755,0.909612215912345,0.906210390522571,0.90202215887772,0.891687861936648,0.0230396800709374,-0.0125192382378774
"alpha_2_3","M = N^(2/3)",0.666666666666667,729,81,9,"V_feasible",20,0.89103,0.89106,0.88906,0.88302,0.85691,0.0360400000000001,0.00779493789854066,-0.014024661654135,-0.03412,-0.03415,0.0613359999999999,0.09309,0.91285281485191,0.91106613472212,0.902979719233848,0.878557906978232,0.818122129368549,0.0983269737692678,-0.0444743701679375
"alpha_2_3","M = N^(2/3)",0.666666666666667,729,81,9,"VK_asym_full_oracle",20,0.9146,0.91349,0.90952,0.90477,0.88841,0.02754,0.00616014832357315,-0.0144399999999998,-0.0261899999999999,-0.02508,0.0385419999999999,0.0615899999999999,0.995163890838208,0.988183676635317,0.972567271964381,0.949802087977899,0.906079514133141,0.0925646022373777,-0.0544099975936004
"alpha_2_3","M = N^(2/3)",0.666666666666667,729,81,9,"VK_leading_oracle",20,0.9146,0.91481,0.91393,0.91376,0.90775,0.00857000000000008,0.00179737791474722,-0.00351789473684209,-0.00685000000000002,-0.00706000000000007,0.0357609999999999,0.04225,0.995163890838208,0.993375006764893,0.989459821454782,0.984480304804722,0.972072747707775,0.0269671154471877,-0.0145992613075243
"alpha_2_3","M = N^(2/3)",0.666666666666667,729,81,9,"VK_asym_full_feasible",20,0.91408,0.91296,0.90831,0.89788,0.86224,0.05344,0.0118499195089427,-0.0241105263157893,-0.05184,-0.05072,0.0407785,0.0877599999999999,0.997747008366378,0.990268712166203,0.969375608158906,0.925388530055885,0.831534290305791,0.169672146137242,-0.0879367959047184
"alpha_2_3","M = N^(2/3)",0.666666666666667,729,81,9,"F_feasible_leading",20,0.91408,0.91449,0.91248,0.90715,0.88398,0.0322,0.00695908484228388,-0.0124837593984966,-0.0301,-0.03051,0.0378175,0.06602,0.997747008366378,0.995504712808594,0.986285627082027,0.95941370670105,0.893232502845464,0.108373932310063,-0.0495297868108466
"alpha_1_3","M = N^(1/3)",0.333333333333333,4096,16,256,"raw",20,0.94946,0.93843,0.90555,0.83903,0.73038,0.21908,0.0520728295249724,-0.123057443609022,-0.21908,-0.20805,0.030268,0.21962,1.0007582452155,0.958079292756002,0.854963544254163,0.719406971787376,0.562701256144709,0.438056989070794,-0.301475528226067
"alpha_1_3","M = N^(1/3)",0.333333333333333,4096,16,256,"K_asym_full",20,0.95004,0.93896,0.90562,0.83777,0.72634,0.2237,0.0531646498575293,-0.125388421052632,-0.2237,-0.21262,0.0300885,0.22366,1.00372501090785,0.960128085051684,0.855150522356844,0.717348616411962,0.557688596764658,0.44603641414319,-0.307004995262606
"alpha_1_3","M = N^(1/3)",0.333333333333333,4096,16,256,"K_leading",20,0.95004,0.93915,0.90632,0.84016,0.73185,0.21819,0.0518802707125794,-0.122514736842105,-0.21819,-0.2073,0.0294335,0.21815,1.00372501090785,0.960919589582076,0.857498149871644,0.721539513524706,0.564369013698147,0.439355997209701,-0.30236942939168
"alpha_1_3","M = N^(1/3)",0.333333333333333,4096,16,256,"V_oracle",20,0.94946,0.94891,0.95022,0.94823,0.9499,0.00309999999999999,0.000868043626116849,0.000395338345864594,0.000439999999999996,0.000989999999999935,0.000887499999999974,0.00176999999999994,1.0007582452155,1.00085456925496,1.00146586235777,1.00223803252854,1.00321887964797,0.00304338232550627,0.00145633777978543
"alpha_1_3","M = N^(1/3)",0.333333333333333,4096,16,256,"V_feasible",20,0.94921,0.94858,0.93622,0.88872,0.79688,0.1542,0.0357513971018874,-0.069375939849624,-0.15233,-0.1517,0.014173,0.15312,1.00194061497752,1.00106554578092,0.947346624760138,0.817881958865073,0.648138087668369,0.354425821814449,-0.189679422778108
"alpha_1_3","M = N^(1/3)",0.333333333333333,4096,16,256,"VK_asym_full_oracle",20,0.95004,0.94937,0.95031,0.94764,0.94777,0.00402999999999998,0.000998179790787627,-0.00110721804511296,-0.00226999999999999,-0.00160000000000005,0.000781499999999985,0.00235999999999992,1.00372501090785,1.00299632342312,1.00168550477495,0.99934982085056,0.994133954441754,0.00998330161781902,-0.00546004938639024
"alpha_1_3","M = N^(1/3)",0.333333333333333,4096,16,256,"VK_leading_oracle",20,0.95004,0.94948,0.95102,0.94895,0.95056,0.00289000000000006,0.000836663800931701,0.000444210526316225,0.000519999999999965,0.00107999999999997,0.000646000000000002,0.00184000000000006,1.00372501090785,1.00382374411355,1.00444328983667,1.00523053843747,1.00624248153279,0.00310015105071759,0.00148650018960081
"alpha_1_3","M = N^(1/3)",0.333333333333333,4096,16,256,"VK_asym_full_feasible",20,0.94995,0.94905,0.93629,0.88785,0.79268,0.15879,0.0368238496229364,-0.0715338345864665,-0.15727,-0.15637,0.014197,0.15732,1.00492348094021,1.00321453680221,0.947554507908811,0.815534585819548,0.642347866302206,0.363008971800491,-0.195527976800054
"alpha_1_3","M = N^(1/3)",0.333333333333333,4096,16,256,"F_feasible_leading",20,0.94995,0.94918,0.93686,0.88977,0.79836,0.15329,0.0355486857407519,-0.0688857142857142,-0.15159,-0.15082,0.01364,0.15164,1.00492348094021,1.00404476510544,0.950164649414263,0.820314002652538,0.650064649352836,0.355483815373394,-0.190247380306523
"alpha_1_2","M = N^(1/2)",0.5,4096,64,64,"raw",20,0.94661,0.94372,0.93888,0.92506,0.89777,0.04884,0.0111823847729599,-0.0252076691729321,-0.04884,-0.04595,0.00977149999999994,0.05223,1.0002204382201,0.989484653600538,0.965232047459942,0.92350835096904,0.839951380770102,0.161052651081725,-0.0917922870407963
"alpha_1_2","M = N^(1/2)",0.5,4096,64,64,"K_asym_full",20,0.94919,0.94662,0.94115,0.92691,0.89768,0.0517,0.0118301561474768,-0.0265318796992481,-0.0515099999999999,-0.04894,0.00729549999999995,0.0523199999999999,1.0124641641536,1.000742331995,0.974275184292355,0.929184800643909,0.839800423542586,0.173392486145285,-0.0993205040321161
"alpha_1_2","M = N^(1/2)",0.5,4096,64,64,"K_leading",20,0.94919,0.94678,0.94202,0.92852,0.90178,0.04762,0.0108970254149808,-0.0243905263157892,-0.04741,-0.0449999999999999,0.00677449999999996,0.0482199999999999,1.0124641641536,1.0015979429365,0.977049213374139,0.934815648359162,0.85023236907749,0.163025696819275,-0.0929150639666609
"alpha_1_2","M = N^(1/2)",0.5,4096,64,64,"V_oracle",20,0.94661,0.94647,0.94757,0.94563,0.94709,0.00281000000000009,0.000754490242690915,0.000546917293232775,0.000480000000000036,0.000619999999999954,0.00342849999999996,0.00466,1.0002204382201,1.00006291840903,1.00100757128848,1.00148238634685,1.00184704057389,0.00296792761062803,0.000200298909659449
"alpha_1_2","M = N^(1/2)",0.5,4096,64,64,"V_feasible",20,0.94613,0.94616,0.94678,0.93877,0.91649,0.03149,0.00679315832290106,-0.0103657142857142,-0.02964,-0.02967,0.00564999999999995,0.0335099999999999,1.00128727223866,1.0011394675053,0.998725191165819,0.972705563158259,0.89442224755174,0.108666695304737,-0.0417106944527096
"alpha_1_2","M = N^(1/2)",0.5,4096,64,64,"VK_asym_full_oracle",20,0.94919,0.94871,0.94965,0.94704,0.94701,0.00349999999999995,0.00090306553938297,-0.00106436090225587,-0.00217999999999996,-0.00170000000000003,0.00114399999999995,0.00298999999999994,1.0124641641536,1.01144714248715,1.01040376317061,1.00766533676546,1.00166512965525,0.0123305028369669,-0.00696227555223038
"alpha_1_2","M = N^(1/2)",0.5,4096,64,64,"VK_leading_oracle",20,0.94919,0.94885,0.95014,0.94831,0.94983,0.00263000000000002,0.00075099302680903,0.000529624060150537,0.000639999999999974,0.000979999999999981,0.000855999999999968,0.00180999999999998,1.0124641641536,1.01231237934791,1.01328618989761,1.01379908938029,1.01423839174768,0.00303068986556343,0.000271439872138828
"alpha_1_2","M = N^(1/2)",0.5,4096,64,64,"VK_asym_full_feasible",20,0.94916,0.94874,0.949,0.94015,0.91646,0.03379,0.00741318375740494,-0.0120509774436091,-0.0327,-0.03228,0.00327749999999996,0.0335399999999999,1.01360076675485,1.01258140770387,1.00812320588332,0.978710530627976,0.894260811419515,0.12106627076062,-0.0490057002268523
"alpha_1_2","M = N^(1/2)",0.5,4096,64,64,"F_feasible_leading",20,0.94916,0.9489,0.94963,0.94161,0.92001,0.0305,0.00663930473531838,-0.0102267669172928,-0.02915,-0.02889,0.00283999999999995,0.02999,1.01360076675485,1.01345109433953,1.01100632271439,0.9846677195738,0.905417751134077,0.110007534467596,-0.0422260864390774
"alpha_2_3","M = N^(2/3)",0.666666666666667,4096,256,16,"raw",20,0.92506,0.92465,0.9237,0.91977,0.91539,0.01044,0.0023386723629129,-0.00519789473684229,-0.00966999999999996,-0.00925999999999993,0.026309,0.0346099999999999,0.968973627896008,0.967624338991325,0.963438156996256,0.953568024192003,0.931077358080599,0.0393707093975465,-0.0199331929576912
"alpha_2_3","M = N^(2/3)",0.666666666666667,4096,256,16,"K_asym_full",20,0.93678,0.93682,0.93566,0.93119,0.92541,0.01236,0.00279120399412909,-0.00617428571428575,-0.01137,-0.01141,0.0145475,0.02459,1.01923129589293,1.01689562805639,1.01032152158591,0.996519518062796,0.96643208036643,0.0541416910782418,-0.0285442952095557
"alpha_2_3","M = N^(2/3)",0.666666666666667,4096,256,16,"K_leading",20,0.93678,0.93703,0.93632,0.93259,0.92885,0.00905,0.00204808068046262,-0.00432676691729343,-0.00792999999999999,-0.00818000000000008,0.0140735,0.02115,1.01923129589293,1.01783402837828,1.01342581816453,1.00303415324964,0.979388841024746,0.0414017260880805,-0.0209466140214013
"alpha_2_3","M = N^(2/3)",0.666666666666667,4096,256,16,"V_oracle",20,0.92506,0.92529,0.92598,0.92474,0.92562,0.00244,0.000713448814230086,0.00055894736842093,0.000560000000000005,0.000330000000000052,0.0248525,0.02572,0.968973627896008,0.970061410361255,0.971603224683206,0.971062225143118,0.967364418757501,0.00572750595090343,0.000786382365185578
"alpha_2_3","M = N^(2/3)",0.666666666666667,4096,256,16,"V_feasible",20,0.92512,0.92524,0.92577,0.9229,0.91919,0.00717000000000001,0.00150831825135428,-0.00191834586466159,-0.0059300000000001,-0.00605,0.0253515,0.03081,0.969229430205835,0.970319879491655,0.971116690388273,0.964992298662052,0.944497790009668,0.0274997326928513,-0.00815558451128982
"alpha_2_3","M = N^(2/3)",0.666666666666667,4096,256,16,"VK_asym_full_oracle",20,0.93678,0.93745,0.93769,0.93535,0.93494,0.00336999999999998,0.000903045140796292,-0.00101203007518793,-0.00183999999999995,-0.00251000000000001,0.013218,0.01506,1.01923129589293,1.01945834680113,1.01888879197965,1.01481090874442,1.00411256507282,0.01705122606828,-0.00693548307597029
"alpha_2_3","M = N^(2/3)",0.666666666666667,4096,256,16,"VK_leading_oracle",20,0.93678,0.93763,0.93828,0.93671,0.93769,0.00261999999999996,0.000764198926981705,0.00058766917293202,0.000910000000000077,6.000000000006e-05,0.01279,0.0140899999999999,1.01923129589293,1.02039913418016,1.02201965170428,1.02144613714504,1.01757855101673,0.00601136919141365,0.000860022854882096
"alpha_2_3","M = N^(2/3)",0.666666666666667,4096,256,16,"VK_asym_full_feasible",20,0.93674,0.93738,0.93755,0.93393,0.92907,0.00912000000000002,0.00195193904941512,-0.00311022556390967,-0.00767000000000007,-0.00831000000000004,0.0136565,0.02093,1.01956106536407,1.01978037597912,1.01840928883013,1.00848224208702,0.980378207198507,0.0411483048264573,-0.0162876694924958
"alpha_2_3","M = N^(2/3)",0.666666666666667,4096,256,16,"F_feasible_leading",20,0.93674,0.9376,0.93816,0.93539,0.93229,0.00611000000000006,0.0013269691425437,-0.00133939849624081,-0.00445000000000007,-0.00531000000000004,0.0131995,0.01771,1.01956106536407,1.02072244336427,1.02154076859969,1.0150785383522,0.993527396622301,0.0289685799214705,-0.00859329793146686
