"scenario_id","innovation","module","panel","series","regime","regime_label","phi","N","M","Q","x_order","alpha_nominal","C_nominal","note","innovation_label","dist_code","skewness","excess_kurtosis","assumption_status","severity_group","phi_label","N_label","design_id","alpha_effective","L","seed"
"gaussian_phi000_N64","gaussian","phi_grid_three_regimes","N_64","M = N^(1/3)","alpha_1_3","M = N^(1/3)",0,64,4,16,0,0.333333333333333,NA,"Short blocks; variance mismatch expected to dominate","Gaussian",1,0,0,"inside formal moment assumptions","regular","phi = 0.00","N = 64","gaussian_phi000_N64_M4_Q16",0.333333333333333,2,2090051795
"gaussian_phi000_N64","gaussian","phi_grid_three_regimes","N_64","M = N^(1/2)","alpha_1_2","M = N^(1/2)",0,64,8,8,0,0.5,NA,"Balanced blocks; both leading errors have the same order","Gaussian",1,0,0,"inside formal moment assumptions","regular","phi = 0.00","N = 64","gaussian_phi000_N64_M8_Q8",0.5,4,2090051795
"gaussian_phi000_N64","gaussian","phi_grid_three_regimes","N_64","M = N^(2/3)","alpha_2_3","M = N^(2/3)",0,64,16,4,0,0.666666666666667,NA,"Long blocks and few blocks; finite-Q error expected to dominate","Gaussian",1,0,0,"inside formal moment assumptions","regular","phi = 0.00","N = 64","gaussian_phi000_N64_M16_Q4",0.666666666666667,5,2090051795
"gaussian_phi005_N64","gaussian","phi_grid_three_regimes","N_64","M = N^(1/3)","alpha_1_3","M = N^(1/3)",0.05,64,4,16,0.05,0.333333333333333,NA,"Short blocks; variance mismatch expected to dominate","Gaussian",1,0,0,"inside formal moment assumptions","regular","phi = 0.05","N = 64","gaussian_phi005_N64_M4_Q16",0.333333333333333,2,2095055295
"gaussian_phi005_N64","gaussian","phi_grid_three_regimes","N_64","M = N^(1/2)","alpha_1_2","M = N^(1/2)",0.05,64,8,8,0.05,0.5,NA,"Balanced blocks; both leading errors have the same order","Gaussian",1,0,0,"inside formal moment assumptions","regular","phi = 0.05","N = 64","gaussian_phi005_N64_M8_Q8",0.5,4,2095055295
"gaussian_phi005_N64","gaussian","phi_grid_three_regimes","N_64","M = N^(2/3)","alpha_2_3","M = N^(2/3)",0.05,64,16,4,0.05,0.666666666666667,NA,"Long blocks and few blocks; finite-Q error expected to dominate","Gaussian",1,0,0,"inside formal moment assumptions","regular","phi = 0.05","N = 64","gaussian_phi005_N64_M16_Q4",0.666666666666667,5,2095055295
"gaussian_phi010_N64","gaussian","phi_grid_three_regimes","N_64","M = N^(1/3)","alpha_1_3","M = N^(1/3)",0.1,64,4,16,0.1,0.333333333333333,NA,"Short blocks; variance mismatch expected to dominate","Gaussian",1,0,0,"inside formal moment assumptions","regular","phi = 0.10","N = 64","gaussian_phi010_N64_M4_Q16",0.333333333333333,2,2100058795
"gaussian_phi010_N64","gaussian","phi_grid_three_regimes","N_64","M = N^(1/2)","alpha_1_2","M = N^(1/2)",0.1,64,8,8,0.1,0.5,NA,"Balanced blocks; both leading errors have the same order","Gaussian",1,0,0,"inside formal moment assumptions","regular","phi = 0.10","N = 64","gaussian_phi010_N64_M8_Q8",0.5,4,2100058795
"gaussian_phi010_N64","gaussian","phi_grid_three_regimes","N_64","M = N^(2/3)","alpha_2_3","M = N^(2/3)",0.1,64,16,4,0.1,0.666666666666667,NA,"Long blocks and few blocks; finite-Q error expected to dominate","Gaussian",1,0,0,"inside formal moment assumptions","regular","phi = 0.10","N = 64","gaussian_phi010_N64_M16_Q4",0.666666666666667,5,2100058795
"gaussian_phi015_N64","gaussian","phi_grid_three_regimes","N_64","M = N^(1/3)","alpha_1_3","M = N^(1/3)",0.15,64,4,16,0.15,0.333333333333333,NA,"Short blocks; variance mismatch expected to dominate","Gaussian",1,0,0,"inside formal moment assumptions","regular","phi = 0.15","N = 64","gaussian_phi015_N64_M4_Q16",0.333333333333333,2,2105062295
"gaussian_phi015_N64","gaussian","phi_grid_three_regimes","N_64","M = N^(1/2)","alpha_1_2","M = N^(1/2)",0.15,64,8,8,0.15,0.5,NA,"Balanced blocks; both leading errors have the same order","Gaussian",1,0,0,"inside formal moment assumptions","regular","phi = 0.15","N = 64","gaussian_phi015_N64_M8_Q8",0.5,4,2105062295
"gaussian_phi015_N64","gaussian","phi_grid_three_regimes","N_64","M = N^(2/3)","alpha_2_3","M = N^(2/3)",0.15,64,16,4,0.15,0.666666666666667,NA,"Long blocks and few blocks; finite-Q error expected to dominate","Gaussian",1,0,0,"inside formal moment assumptions","regular","phi = 0.15","N = 64","gaussian_phi015_N64_M16_Q4",0.666666666666667,5,2105062295
"gaussian_phi020_N64","gaussian","phi_grid_three_regimes","N_64","M = N^(1/3)","alpha_1_3","M = N^(1/3)",0.2,64,4,16,0.2,0.333333333333333,NA,"Short blocks; variance mismatch expected to dominate","Gaussian",1,0,0,"inside formal moment assumptions","regular","phi = 0.20","N = 64","gaussian_phi020_N64_M4_Q16",0.333333333333333,2,2110065795
"gaussian_phi020_N64","gaussian","phi_grid_three_regimes","N_64","M = N^(1/2)","alpha_1_2","M = N^(1/2)",0.2,64,8,8,0.2,0.5,NA,"Balanced blocks; both leading errors have the same order","Gaussian",1,0,0,"inside formal moment assumptions","regular","phi = 0.20","N = 64","gaussian_phi020_N64_M8_Q8",0.5,4,2110065795
"gaussian_phi020_N64","gaussian","phi_grid_three_regimes","N_64","M = N^(2/3)","alpha_2_3","M = N^(2/3)",0.2,64,16,4,0.2,0.666666666666667,NA,"Long blocks and few blocks; finite-Q error expected to dominate","Gaussian",1,0,0,"inside formal moment assumptions","regular","phi = 0.20","N = 64","gaussian_phi020_N64_M16_Q4",0.666666666666667,5,2110065795
"gaussian_phi025_N64","gaussian","phi_grid_three_regimes","N_64","M = N^(1/3)","alpha_1_3","M = N^(1/3)",0.25,64,4,16,0.25,0.333333333333333,NA,"Short blocks; variance mismatch expected to dominate","Gaussian",1,0,0,"inside formal moment assumptions","regular","phi = 0.25","N = 64","gaussian_phi025_N64_M4_Q16",0.333333333333333,2,2115069295
"gaussian_phi025_N64","gaussian","phi_grid_three_regimes","N_64","M = N^(1/2)","alpha_1_2","M = N^(1/2)",0.25,64,8,8,0.25,0.5,NA,"Balanced blocks; both leading errors have the same order","Gaussian",1,0,0,"inside formal moment assumptions","regular","phi = 0.25","N = 64","gaussian_phi025_N64_M8_Q8",0.5,4,2115069295
"gaussian_phi025_N64","gaussian","phi_grid_three_regimes","N_64","M = N^(2/3)","alpha_2_3","M = N^(2/3)",0.25,64,16,4,0.25,0.666666666666667,NA,"Long blocks and few blocks; finite-Q error expected to dominate","Gaussian",1,0,0,"inside formal moment assumptions","regular","phi = 0.25","N = 64","gaussian_phi025_N64_M16_Q4",0.666666666666667,5,2115069295
"gaussian_phi030_N64","gaussian","phi_grid_three_regimes","N_64","M = N^(1/3)","alpha_1_3","M = N^(1/3)",0.3,64,4,16,0.3,0.333333333333333,NA,"Short blocks; variance mismatch expected to dominate","Gaussian",1,0,0,"inside formal moment assumptions","regular","phi = 0.30","N = 64","gaussian_phi030_N64_M4_Q16",0.333333333333333,2,2120072795
"gaussian_phi030_N64","gaussian","phi_grid_three_regimes","N_64","M = N^(1/2)","alpha_1_2","M = N^(1/2)",0.3,64,8,8,0.3,0.5,NA,"Balanced blocks; both leading errors have the same order","Gaussian",1,0,0,"inside formal moment assumptions","regular","phi = 0.30","N = 64","gaussian_phi030_N64_M8_Q8",0.5,4,2120072795
"gaussian_phi030_N64","gaussian","phi_grid_three_regimes","N_64","M = N^(2/3)","alpha_2_3","M = N^(2/3)",0.3,64,16,4,0.3,0.666666666666667,NA,"Long blocks and few blocks; finite-Q error expected to dominate","Gaussian",1,0,0,"inside formal moment assumptions","regular","phi = 0.30","N = 64","gaussian_phi030_N64_M16_Q4",0.666666666666667,5,2120072795
"gaussian_phi035_N64","gaussian","phi_grid_three_regimes","N_64","M = N^(1/3)","alpha_1_3","M = N^(1/3)",0.35,64,4,16,0.35,0.333333333333333,NA,"Short blocks; variance mismatch expected to dominate","Gaussian",1,0,0,"inside formal moment assumptions","regular","phi = 0.35","N = 64","gaussian_phi035_N64_M4_Q16",0.333333333333333,2,2125076295
"gaussian_phi035_N64","gaussian","phi_grid_three_regimes","N_64","M = N^(1/2)","alpha_1_2","M = N^(1/2)",0.35,64,8,8,0.35,0.5,NA,"Balanced blocks; both leading errors have the same order","Gaussian",1,0,0,"inside formal moment assumptions","regular","phi = 0.35","N = 64","gaussian_phi035_N64_M8_Q8",0.5,4,2125076295
"gaussian_phi035_N64","gaussian","phi_grid_three_regimes","N_64","M = N^(2/3)","alpha_2_3","M = N^(2/3)",0.35,64,16,4,0.35,0.666666666666667,NA,"Long blocks and few blocks; finite-Q error expected to dominate","Gaussian",1,0,0,"inside formal moment assumptions","regular","phi = 0.35","N = 64","gaussian_phi035_N64_M16_Q4",0.666666666666667,5,2125076295
"gaussian_phi040_N64","gaussian","phi_grid_three_regimes","N_64","M = N^(1/3)","alpha_1_3","M = N^(1/3)",0.4,64,4,16,0.4,0.333333333333333,NA,"Short blocks; variance mismatch expected to dominate","Gaussian",1,0,0,"inside formal moment assumptions","regular","phi = 0.40","N = 64","gaussian_phi040_N64_M4_Q16",0.333333333333333,2,2130079795
"gaussian_phi040_N64","gaussian","phi_grid_three_regimes","N_64","M = N^(1/2)","alpha_1_2","M = N^(1/2)",0.4,64,8,8,0.4,0.5,NA,"Balanced blocks; both leading errors have the same order","Gaussian",1,0,0,"inside formal moment assumptions","regular","phi = 0.40","N = 64","gaussian_phi040_N64_M8_Q8",0.5,4,2130079795
"gaussian_phi040_N64","gaussian","phi_grid_three_regimes","N_64","M = N^(2/3)","alpha_2_3","M = N^(2/3)",0.4,64,16,4,0.4,0.666666666666667,NA,"Long blocks and few blocks; finite-Q error expected to dominate","Gaussian",1,0,0,"inside formal moment assumptions","regular","phi = 0.40","N = 64","gaussian_phi040_N64_M16_Q4",0.666666666666667,5,2130079795
"gaussian_phi045_N64","gaussian","phi_grid_three_regimes","N_64","M = N^(1/3)","alpha_1_3","M = N^(1/3)",0.45,64,4,16,0.45,0.333333333333333,NA,"Short blocks; variance mismatch expected to dominate","Gaussian",1,0,0,"inside formal moment assumptions","regular","phi = 0.45","N = 64","gaussian_phi045_N64_M4_Q16",0.333333333333333,2,2135083295
"gaussian_phi045_N64","gaussian","phi_grid_three_regimes","N_64","M = N^(1/2)","alpha_1_2","M = N^(1/2)",0.45,64,8,8,0.45,0.5,NA,"Balanced blocks; both leading errors have the same order","Gaussian",1,0,0,"inside formal moment assumptions","regular","phi = 0.45","N = 64","gaussian_phi045_N64_M8_Q8",0.5,4,2135083295
"gaussian_phi045_N64","gaussian","phi_grid_three_regimes","N_64","M = N^(2/3)","alpha_2_3","M = N^(2/3)",0.45,64,16,4,0.45,0.666666666666667,NA,"Long blocks and few blocks; finite-Q error expected to dominate","Gaussian",1,0,0,"inside formal moment assumptions","regular","phi = 0.45","N = 64","gaussian_phi045_N64_M16_Q4",0.666666666666667,5,2135083295
"gaussian_phi050_N64","gaussian","phi_grid_three_regimes","N_64","M = N^(1/3)","alpha_1_3","M = N^(1/3)",0.5,64,4,16,0.5,0.333333333333333,NA,"Short blocks; variance mismatch expected to dominate","Gaussian",1,0,0,"inside formal moment assumptions","regular","phi = 0.50","N = 64","gaussian_phi050_N64_M4_Q16",0.333333333333333,2,2140086795
"gaussian_phi050_N64","gaussian","phi_grid_three_regimes","N_64","M = N^(1/2)","alpha_1_2","M = N^(1/2)",0.5,64,8,8,0.5,0.5,NA,"Balanced blocks; both leading errors have the same order","Gaussian",1,0,0,"inside formal moment assumptions","regular","phi = 0.50","N = 64","gaussian_phi050_N64_M8_Q8",0.5,4,2140086795
"gaussian_phi050_N64","gaussian","phi_grid_three_regimes","N_64","M = N^(2/3)","alpha_2_3","M = N^(2/3)",0.5,64,16,4,0.5,0.666666666666667,NA,"Long blocks and few blocks; finite-Q error expected to dominate","Gaussian",1,0,0,"inside formal moment assumptions","regular","phi = 0.50","N = 64","gaussian_phi050_N64_M16_Q4",0.666666666666667,5,2140086795
"gaussian_phi055_N64","gaussian","phi_grid_three_regimes","N_64","M = N^(1/3)","alpha_1_3","M = N^(1/3)",0.55,64,4,16,0.55,0.333333333333333,NA,"Short blocks; variance mismatch expected to dominate","Gaussian",1,0,0,"inside formal moment assumptions","regular","phi = 0.55","N = 64","gaussian_phi055_N64_M4_Q16",0.333333333333333,2,2145090295
"gaussian_phi055_N64","gaussian","phi_grid_three_regimes","N_64","M = N^(1/2)","alpha_1_2","M = N^(1/2)",0.55,64,8,8,0.55,0.5,NA,"Balanced blocks; both leading errors have the same order","Gaussian",1,0,0,"inside formal moment assumptions","regular","phi = 0.55","N = 64","gaussian_phi055_N64_M8_Q8",0.5,4,2145090295
"gaussian_phi055_N64","gaussian","phi_grid_three_regimes","N_64","M = N^(2/3)","alpha_2_3","M = N^(2/3)",0.55,64,16,4,0.55,0.666666666666667,NA,"Long blocks and few blocks; finite-Q error expected to dominate","Gaussian",1,0,0,"inside formal moment assumptions","regular","phi = 0.55","N = 64","gaussian_phi055_N64_M16_Q4",0.666666666666667,5,2145090295
"gaussian_phi060_N64","gaussian","phi_grid_three_regimes","N_64","M = N^(1/3)","alpha_1_3","M = N^(1/3)",0.6,64,4,16,0.6,0.333333333333333,NA,"Short blocks; variance mismatch expected to dominate","Gaussian",1,0,0,"inside formal moment assumptions","regular","phi = 0.60","N = 64","gaussian_phi060_N64_M4_Q16",0.333333333333333,2,2610149
"gaussian_phi060_N64","gaussian","phi_grid_three_regimes","N_64","M = N^(1/2)","alpha_1_2","M = N^(1/2)",0.6,64,8,8,0.6,0.5,NA,"Balanced blocks; both leading errors have the same order","Gaussian",1,0,0,"inside formal moment assumptions","regular","phi = 0.60","N = 64","gaussian_phi060_N64_M8_Q8",0.5,4,2610149
"gaussian_phi060_N64","gaussian","phi_grid_three_regimes","N_64","M = N^(2/3)","alpha_2_3","M = N^(2/3)",0.6,64,16,4,0.6,0.666666666666667,NA,"Long blocks and few blocks; finite-Q error expected to dominate","Gaussian",1,0,0,"inside formal moment assumptions","regular","phi = 0.60","N = 64","gaussian_phi060_N64_M16_Q4",0.666666666666667,5,2610149
"gaussian_phi065_N64","gaussian","phi_grid_three_regimes","N_64","M = N^(1/3)","alpha_1_3","M = N^(1/3)",0.65,64,4,16,0.65,0.333333333333333,NA,"Short blocks; variance mismatch expected to dominate","Gaussian",1,0,0,"inside formal moment assumptions","regular","phi = 0.65","N = 64","gaussian_phi065_N64_M4_Q16",0.333333333333333,2,7613649
"gaussian_phi065_N64","gaussian","phi_grid_three_regimes","N_64","M = N^(1/2)","alpha_1_2","M = N^(1/2)",0.65,64,8,8,0.65,0.5,NA,"Balanced blocks; both leading errors have the same order","Gaussian",1,0,0,"inside formal moment assumptions","regular","phi = 0.65","N = 64","gaussian_phi065_N64_M8_Q8",0.5,4,7613649
"gaussian_phi065_N64","gaussian","phi_grid_three_regimes","N_64","M = N^(2/3)","alpha_2_3","M = N^(2/3)",0.65,64,16,4,0.65,0.666666666666667,NA,"Long blocks and few blocks; finite-Q error expected to dominate","Gaussian",1,0,0,"inside formal moment assumptions","regular","phi = 0.65","N = 64","gaussian_phi065_N64_M16_Q4",0.666666666666667,5,7613649
"gaussian_phi070_N64","gaussian","phi_grid_three_regimes","N_64","M = N^(1/3)","alpha_1_3","M = N^(1/3)",0.7,64,4,16,0.7,0.333333333333333,NA,"Short blocks; variance mismatch expected to dominate","Gaussian",1,0,0,"inside formal moment assumptions","regular","phi = 0.70","N = 64","gaussian_phi070_N64_M4_Q16",0.333333333333333,2,12617149
"gaussian_phi070_N64","gaussian","phi_grid_three_regimes","N_64","M = N^(1/2)","alpha_1_2","M = N^(1/2)",0.7,64,8,8,0.7,0.5,NA,"Balanced blocks; both leading errors have the same order","Gaussian",1,0,0,"inside formal moment assumptions","regular","phi = 0.70","N = 64","gaussian_phi070_N64_M8_Q8",0.5,4,12617149
"gaussian_phi070_N64","gaussian","phi_grid_three_regimes","N_64","M = N^(2/3)","alpha_2_3","M = N^(2/3)",0.7,64,16,4,0.7,0.666666666666667,NA,"Long blocks and few blocks; finite-Q error expected to dominate","Gaussian",1,0,0,"inside formal moment assumptions","regular","phi = 0.70","N = 64","gaussian_phi070_N64_M16_Q4",0.666666666666667,5,12617149
"gaussian_phi075_N64","gaussian","phi_grid_three_regimes","N_64","M = N^(1/3)","alpha_1_3","M = N^(1/3)",0.75,64,4,16,0.75,0.333333333333333,NA,"Short blocks; variance mismatch expected to dominate","Gaussian",1,0,0,"inside formal moment assumptions","regular","phi = 0.75","N = 64","gaussian_phi075_N64_M4_Q16",0.333333333333333,2,17620649
"gaussian_phi075_N64","gaussian","phi_grid_three_regimes","N_64","M = N^(1/2)","alpha_1_2","M = N^(1/2)",0.75,64,8,8,0.75,0.5,NA,"Balanced blocks; both leading errors have the same order","Gaussian",1,0,0,"inside formal moment assumptions","regular","phi = 0.75","N = 64","gaussian_phi075_N64_M8_Q8",0.5,4,17620649
"gaussian_phi075_N64","gaussian","phi_grid_three_regimes","N_64","M = N^(2/3)","alpha_2_3","M = N^(2/3)",0.75,64,16,4,0.75,0.666666666666667,NA,"Long blocks and few blocks; finite-Q error expected to dominate","Gaussian",1,0,0,"inside formal moment assumptions","regular","phi = 0.75","N = 64","gaussian_phi075_N64_M16_Q4",0.666666666666667,5,17620649
"gaussian_phi080_N64","gaussian","phi_grid_three_regimes","N_64","M = N^(1/3)","alpha_1_3","M = N^(1/3)",0.8,64,4,16,0.8,0.333333333333333,NA,"Short blocks; variance mismatch expected to dominate","Gaussian",1,0,0,"inside formal moment assumptions","regular","phi = 0.80","N = 64","gaussian_phi080_N64_M4_Q16",0.333333333333333,2,22624149
"gaussian_phi080_N64","gaussian","phi_grid_three_regimes","N_64","M = N^(1/2)","alpha_1_2","M = N^(1/2)",0.8,64,8,8,0.8,0.5,NA,"Balanced blocks; both leading errors have the same order","Gaussian",1,0,0,"inside formal moment assumptions","regular","phi = 0.80","N = 64","gaussian_phi080_N64_M8_Q8",0.5,4,22624149
"gaussian_phi080_N64","gaussian","phi_grid_three_regimes","N_64","M = N^(2/3)","alpha_2_3","M = N^(2/3)",0.8,64,16,4,0.8,0.666666666666667,NA,"Long blocks and few blocks; finite-Q error expected to dominate","Gaussian",1,0,0,"inside formal moment assumptions","regular","phi = 0.80","N = 64","gaussian_phi080_N64_M16_Q4",0.666666666666667,5,22624149
"gaussian_phi085_N64","gaussian","phi_grid_three_regimes","N_64","M = N^(1/3)","alpha_1_3","M = N^(1/3)",0.85,64,4,16,0.85,0.333333333333333,NA,"Short blocks; variance mismatch expected to dominate","Gaussian",1,0,0,"inside formal moment assumptions","regular","phi = 0.85","N = 64","gaussian_phi085_N64_M4_Q16",0.333333333333333,2,27627649
"gaussian_phi085_N64","gaussian","phi_grid_three_regimes","N_64","M = N^(1/2)","alpha_1_2","M = N^(1/2)",0.85,64,8,8,0.85,0.5,NA,"Balanced blocks; both leading errors have the same order","Gaussian",1,0,0,"inside formal moment assumptions","regular","phi = 0.85","N = 64","gaussian_phi085_N64_M8_Q8",0.5,4,27627649
"gaussian_phi085_N64","gaussian","phi_grid_three_regimes","N_64","M = N^(2/3)","alpha_2_3","M = N^(2/3)",0.85,64,16,4,0.85,0.666666666666667,NA,"Long blocks and few blocks; finite-Q error expected to dominate","Gaussian",1,0,0,"inside formal moment assumptions","regular","phi = 0.85","N = 64","gaussian_phi085_N64_M16_Q4",0.666666666666667,5,27627649
"gaussian_phi090_N64","gaussian","phi_grid_three_regimes","N_64","M = N^(1/3)","alpha_1_3","M = N^(1/3)",0.9,64,4,16,0.9,0.333333333333333,NA,"Short blocks; variance mismatch expected to dominate","Gaussian",1,0,0,"inside formal moment assumptions","regular","phi = 0.90","N = 64","gaussian_phi090_N64_M4_Q16",0.333333333333333,2,32631149
"gaussian_phi090_N64","gaussian","phi_grid_three_regimes","N_64","M = N^(1/2)","alpha_1_2","M = N^(1/2)",0.9,64,8,8,0.9,0.5,NA,"Balanced blocks; both leading errors have the same order","Gaussian",1,0,0,"inside formal moment assumptions","regular","phi = 0.90","N = 64","gaussian_phi090_N64_M8_Q8",0.5,4,32631149
"gaussian_phi090_N64","gaussian","phi_grid_three_regimes","N_64","M = N^(2/3)","alpha_2_3","M = N^(2/3)",0.9,64,16,4,0.9,0.666666666666667,NA,"Long blocks and few blocks; finite-Q error expected to dominate","Gaussian",1,0,0,"inside formal moment assumptions","regular","phi = 0.90","N = 64","gaussian_phi090_N64_M16_Q4",0.666666666666667,5,32631149
"gaussian_phi095_N64","gaussian","phi_grid_three_regimes","N_64","M = N^(1/3)","alpha_1_3","M = N^(1/3)",0.95,64,4,16,0.95,0.333333333333333,NA,"Short blocks; variance mismatch expected to dominate","Gaussian",1,0,0,"inside formal moment assumptions","regular","phi = 0.95","N = 64","gaussian_phi095_N64_M4_Q16",0.333333333333333,2,37634649
"gaussian_phi095_N64","gaussian","phi_grid_three_regimes","N_64","M = N^(1/2)","alpha_1_2","M = N^(1/2)",0.95,64,8,8,0.95,0.5,NA,"Balanced blocks; both leading errors have the same order","Gaussian",1,0,0,"inside formal moment assumptions","regular","phi = 0.95","N = 64","gaussian_phi095_N64_M8_Q8",0.5,4,37634649
"gaussian_phi095_N64","gaussian","phi_grid_three_regimes","N_64","M = N^(2/3)","alpha_2_3","M = N^(2/3)",0.95,64,16,4,0.95,0.666666666666667,NA,"Long blocks and few blocks; finite-Q error expected to dominate","Gaussian",1,0,0,"inside formal moment assumptions","regular","phi = 0.95","N = 64","gaussian_phi095_N64_M16_Q4",0.666666666666667,5,37634649
"gaussian_phi000_N729","gaussian","phi_grid_three_regimes","N_729","M = N^(1/3)","alpha_1_3","M = N^(1/3)",0,729,9,81,0,0.333333333333333,NA,"Short blocks; variance mismatch expected to dominate","Gaussian",1,0,0,"inside formal moment assumptions","regular","phi = 0.00","N = 729","gaussian_phi000_N729_M9_Q81",0.333333333333333,4,607570144
"gaussian_phi000_N729","gaussian","phi_grid_three_regimes","N_729","M = N^(1/2)","alpha_1_2","M = N^(1/2)",0,729,27,27,0,0.5,NA,"Balanced blocks; both leading errors have the same order","Gaussian",1,0,0,"inside formal moment assumptions","regular","phi = 0.00","N = 729","gaussian_phi000_N729_M27_Q27",0.5,12,607570144
"gaussian_phi000_N729","gaussian","phi_grid_three_regimes","N_729","M = N^(2/3)","alpha_2_3","M = N^(2/3)",0,729,81,9,0,0.666666666666667,NA,"Long blocks and few blocks; finite-Q error expected to dominate","Gaussian",1,0,0,"inside formal moment assumptions","regular","phi = 0.00","N = 729","gaussian_phi000_N729_M81_Q9",0.666666666666667,12,607570144
"gaussian_phi005_N729","gaussian","phi_grid_three_regimes","N_729","M = N^(1/3)","alpha_1_3","M = N^(1/3)",0.05,729,9,81,0.05,0.333333333333333,NA,"Short blocks; variance mismatch expected to dominate","Gaussian",1,0,0,"inside formal moment assumptions","regular","phi = 0.05","N = 729","gaussian_phi005_N729_M9_Q81",0.333333333333333,4,612573644
"gaussian_phi005_N729","gaussian","phi_grid_three_regimes","N_729","M = N^(1/2)","alpha_1_2","M = N^(1/2)",0.05,729,27,27,0.05,0.5,NA,"Balanced blocks; both leading errors have the same order","Gaussian",1,0,0,"inside formal moment assumptions","regular","phi = 0.05","N = 729","gaussian_phi005_N729_M27_Q27",0.5,12,612573644
"gaussian_phi005_N729","gaussian","phi_grid_three_regimes","N_729","M = N^(2/3)","alpha_2_3","M = N^(2/3)",0.05,729,81,9,0.05,0.666666666666667,NA,"Long blocks and few blocks; finite-Q error expected to dominate","Gaussian",1,0,0,"inside formal moment assumptions","regular","phi = 0.05","N = 729","gaussian_phi005_N729_M81_Q9",0.666666666666667,12,612573644
"gaussian_phi010_N729","gaussian","phi_grid_three_regimes","N_729","M = N^(1/3)","alpha_1_3","M = N^(1/3)",0.1,729,9,81,0.1,0.333333333333333,NA,"Short blocks; variance mismatch expected to dominate","Gaussian",1,0,0,"inside formal moment assumptions","regular","phi = 0.10","N = 729","gaussian_phi010_N729_M9_Q81",0.333333333333333,4,617577144
"gaussian_phi010_N729","gaussian","phi_grid_three_regimes","N_729","M = N^(1/2)","alpha_1_2","M = N^(1/2)",0.1,729,27,27,0.1,0.5,NA,"Balanced blocks; both leading errors have the same order","Gaussian",1,0,0,"inside formal moment assumptions","regular","phi = 0.10","N = 729","gaussian_phi010_N729_M27_Q27",0.5,12,617577144
"gaussian_phi010_N729","gaussian","phi_grid_three_regimes","N_729","M = N^(2/3)","alpha_2_3","M = N^(2/3)",0.1,729,81,9,0.1,0.666666666666667,NA,"Long blocks and few blocks; finite-Q error expected to dominate","Gaussian",1,0,0,"inside formal moment assumptions","regular","phi = 0.10","N = 729","gaussian_phi010_N729_M81_Q9",0.666666666666667,12,617577144
"gaussian_phi015_N729","gaussian","phi_grid_three_regimes","N_729","M = N^(1/3)","alpha_1_3","M = N^(1/3)",0.15,729,9,81,0.15,0.333333333333333,NA,"Short blocks; variance mismatch expected to dominate","Gaussian",1,0,0,"inside formal moment assumptions","regular","phi = 0.15","N = 729","gaussian_phi015_N729_M9_Q81",0.333333333333333,4,622580644
"gaussian_phi015_N729","gaussian","phi_grid_three_regimes","N_729","M = N^(1/2)","alpha_1_2","M = N^(1/2)",0.15,729,27,27,0.15,0.5,NA,"Balanced blocks; both leading errors have the same order","Gaussian",1,0,0,"inside formal moment assumptions","regular","phi = 0.15","N = 729","gaussian_phi015_N729_M27_Q27",0.5,12,622580644
"gaussian_phi015_N729","gaussian","phi_grid_three_regimes","N_729","M = N^(2/3)","alpha_2_3","M = N^(2/3)",0.15,729,81,9,0.15,0.666666666666667,NA,"Long blocks and few blocks; finite-Q error expected to dominate","Gaussian",1,0,0,"inside formal moment assumptions","regular","phi = 0.15","N = 729","gaussian_phi015_N729_M81_Q9",0.666666666666667,12,622580644
"gaussian_phi020_N729","gaussian","phi_grid_three_regimes","N_729","M = N^(1/3)","alpha_1_3","M = N^(1/3)",0.2,729,9,81,0.2,0.333333333333333,NA,"Short blocks; variance mismatch expected to dominate","Gaussian",1,0,0,"inside formal moment assumptions","regular","phi = 0.20","N = 729","gaussian_phi020_N729_M9_Q81",0.333333333333333,4,627584144
"gaussian_phi020_N729","gaussian","phi_grid_three_regimes","N_729","M = N^(1/2)","alpha_1_2","M = N^(1/2)",0.2,729,27,27,0.2,0.5,NA,"Balanced blocks; both leading errors have the same order","Gaussian",1,0,0,"inside formal moment assumptions","regular","phi = 0.20","N = 729","gaussian_phi020_N729_M27_Q27",0.5,12,627584144
"gaussian_phi020_N729","gaussian","phi_grid_three_regimes","N_729","M = N^(2/3)","alpha_2_3","M = N^(2/3)",0.2,729,81,9,0.2,0.666666666666667,NA,"Long blocks and few blocks; finite-Q error expected to dominate","Gaussian",1,0,0,"inside formal moment assumptions","regular","phi = 0.20","N = 729","gaussian_phi020_N729_M81_Q9",0.666666666666667,12,627584144
"gaussian_phi025_N729","gaussian","phi_grid_three_regimes","N_729","M = N^(1/3)","alpha_1_3","M = N^(1/3)",0.25,729,9,81,0.25,0.333333333333333,NA,"Short blocks; variance mismatch expected to dominate","Gaussian",1,0,0,"inside formal moment assumptions","regular","phi = 0.25","N = 729","gaussian_phi025_N729_M9_Q81",0.333333333333333,4,632587644
"gaussian_phi025_N729","gaussian","phi_grid_three_regimes","N_729","M = N^(1/2)","alpha_1_2","M = N^(1/2)",0.25,729,27,27,0.25,0.5,NA,"Balanced blocks; both leading errors have the same order","Gaussian",1,0,0,"inside formal moment assumptions","regular","phi = 0.25","N = 729","gaussian_phi025_N729_M27_Q27",0.5,12,632587644
"gaussian_phi025_N729","gaussian","phi_grid_three_regimes","N_729","M = N^(2/3)","alpha_2_3","M = N^(2/3)",0.25,729,81,9,0.25,0.666666666666667,NA,"Long blocks and few blocks; finite-Q error expected to dominate","Gaussian",1,0,0,"inside formal moment assumptions","regular","phi = 0.25","N = 729","gaussian_phi025_N729_M81_Q9",0.666666666666667,12,632587644
"gaussian_phi030_N729","gaussian","phi_grid_three_regimes","N_729","M = N^(1/3)","alpha_1_3","M = N^(1/3)",0.3,729,9,81,0.3,0.333333333333333,NA,"Short blocks; variance mismatch expected to dominate","Gaussian",1,0,0,"inside formal moment assumptions","regular","phi = 0.30","N = 729","gaussian_phi030_N729_M9_Q81",0.333333333333333,4,637591144
"gaussian_phi030_N729","gaussian","phi_grid_three_regimes","N_729","M = N^(1/2)","alpha_1_2","M = N^(1/2)",0.3,729,27,27,0.3,0.5,NA,"Balanced blocks; both leading errors have the same order","Gaussian",1,0,0,"inside formal moment assumptions","regular","phi = 0.30","N = 729","gaussian_phi030_N729_M27_Q27",0.5,12,637591144
"gaussian_phi030_N729","gaussian","phi_grid_three_regimes","N_729","M = N^(2/3)","alpha_2_3","M = N^(2/3)",0.3,729,81,9,0.3,0.666666666666667,NA,"Long blocks and few blocks; finite-Q error expected to dominate","Gaussian",1,0,0,"inside formal moment assumptions","regular","phi = 0.30","N = 729","gaussian_phi030_N729_M81_Q9",0.666666666666667,12,637591144
"gaussian_phi035_N729","gaussian","phi_grid_three_regimes","N_729","M = N^(1/3)","alpha_1_3","M = N^(1/3)",0.35,729,9,81,0.35,0.333333333333333,NA,"Short blocks; variance mismatch expected to dominate","Gaussian",1,0,0,"inside formal moment assumptions","regular","phi = 0.35","N = 729","gaussian_phi035_N729_M9_Q81",0.333333333333333,4,642594644
"gaussian_phi035_N729","gaussian","phi_grid_three_regimes","N_729","M = N^(1/2)","alpha_1_2","M = N^(1/2)",0.35,729,27,27,0.35,0.5,NA,"Balanced blocks; both leading errors have the same order","Gaussian",1,0,0,"inside formal moment assumptions","regular","phi = 0.35","N = 729","gaussian_phi035_N729_M27_Q27",0.5,12,642594644
"gaussian_phi035_N729","gaussian","phi_grid_three_regimes","N_729","M = N^(2/3)","alpha_2_3","M = N^(2/3)",0.35,729,81,9,0.35,0.666666666666667,NA,"Long blocks and few blocks; finite-Q error expected to dominate","Gaussian",1,0,0,"inside formal moment assumptions","regular","phi = 0.35","N = 729","gaussian_phi035_N729_M81_Q9",0.666666666666667,12,642594644
"gaussian_phi040_N729","gaussian","phi_grid_three_regimes","N_729","M = N^(1/3)","alpha_1_3","M = N^(1/3)",0.4,729,9,81,0.4,0.333333333333333,NA,"Short blocks; variance mismatch expected to dominate","Gaussian",1,0,0,"inside formal moment assumptions","regular","phi = 0.40","N = 729","gaussian_phi040_N729_M9_Q81",0.333333333333333,4,647598144
"gaussian_phi040_N729","gaussian","phi_grid_three_regimes","N_729","M = N^(1/2)","alpha_1_2","M = N^(1/2)",0.4,729,27,27,0.4,0.5,NA,"Balanced blocks; both leading errors have the same order","Gaussian",1,0,0,"inside formal moment assumptions","regular","phi = 0.40","N = 729","gaussian_phi040_N729_M27_Q27",0.5,12,647598144
"gaussian_phi040_N729","gaussian","phi_grid_three_regimes","N_729","M = N^(2/3)","alpha_2_3","M = N^(2/3)",0.4,729,81,9,0.4,0.666666666666667,NA,"Long blocks and few blocks; finite-Q error expected to dominate","Gaussian",1,0,0,"inside formal moment assumptions","regular","phi = 0.40","N = 729","gaussian_phi040_N729_M81_Q9",0.666666666666667,12,647598144
"gaussian_phi045_N729","gaussian","phi_grid_three_regimes","N_729","M = N^(1/3)","alpha_1_3","M = N^(1/3)",0.45,729,9,81,0.45,0.333333333333333,NA,"Short blocks; variance mismatch expected to dominate","Gaussian",1,0,0,"inside formal moment assumptions","regular","phi = 0.45","N = 729","gaussian_phi045_N729_M9_Q81",0.333333333333333,4,652601644
"gaussian_phi045_N729","gaussian","phi_grid_three_regimes","N_729","M = N^(1/2)","alpha_1_2","M = N^(1/2)",0.45,729,27,27,0.45,0.5,NA,"Balanced blocks; both leading errors have the same order","Gaussian",1,0,0,"inside formal moment assumptions","regular","phi = 0.45","N = 729","gaussian_phi045_N729_M27_Q27",0.5,12,652601644
"gaussian_phi045_N729","gaussian","phi_grid_three_regimes","N_729","M = N^(2/3)","alpha_2_3","M = N^(2/3)",0.45,729,81,9,0.45,0.666666666666667,NA,"Long blocks and few blocks; finite-Q error expected to dominate","Gaussian",1,0,0,"inside formal moment assumptions","regular","phi = 0.45","N = 729","gaussian_phi045_N729_M81_Q9",0.666666666666667,12,652601644
"gaussian_phi050_N729","gaussian","phi_grid_three_regimes","N_729","M = N^(1/3)","alpha_1_3","M = N^(1/3)",0.5,729,9,81,0.5,0.333333333333333,NA,"Short blocks; variance mismatch expected to dominate","Gaussian",1,0,0,"inside formal moment assumptions","regular","phi = 0.50","N = 729","gaussian_phi050_N729_M9_Q81",0.333333333333333,4,657605144
"gaussian_phi050_N729","gaussian","phi_grid_three_regimes","N_729","M = N^(1/2)","alpha_1_2","M = N^(1/2)",0.5,729,27,27,0.5,0.5,NA,"Balanced blocks; both leading errors have the same order","Gaussian",1,0,0,"inside formal moment assumptions","regular","phi = 0.50","N = 729","gaussian_phi050_N729_M27_Q27",0.5,12,657605144
"gaussian_phi050_N729","gaussian","phi_grid_three_regimes","N_729","M = N^(2/3)","alpha_2_3","M = N^(2/3)",0.5,729,81,9,0.5,0.666666666666667,NA,"Long blocks and few blocks; finite-Q error expected to dominate","Gaussian",1,0,0,"inside formal moment assumptions","regular","phi = 0.50","N = 729","gaussian_phi050_N729_M81_Q9",0.666666666666667,12,657605144
"gaussian_phi055_N729","gaussian","phi_grid_three_regimes","N_729","M = N^(1/3)","alpha_1_3","M = N^(1/3)",0.55,729,9,81,0.55,0.333333333333333,NA,"Short blocks; variance mismatch expected to dominate","Gaussian",1,0,0,"inside formal moment assumptions","regular","phi = 0.55","N = 729","gaussian_phi055_N729_M9_Q81",0.333333333333333,4,662608644
"gaussian_phi055_N729","gaussian","phi_grid_three_regimes","N_729","M = N^(1/2)","alpha_1_2","M = N^(1/2)",0.55,729,27,27,0.55,0.5,NA,"Balanced blocks; both leading errors have the same order","Gaussian",1,0,0,"inside formal moment assumptions","regular","phi = 0.55","N = 729","gaussian_phi055_N729_M27_Q27",0.5,12,662608644
"gaussian_phi055_N729","gaussian","phi_grid_three_regimes","N_729","M = N^(2/3)","alpha_2_3","M = N^(2/3)",0.55,729,81,9,0.55,0.666666666666667,NA,"Long blocks and few blocks; finite-Q error expected to dominate","Gaussian",1,0,0,"inside formal moment assumptions","regular","phi = 0.55","N = 729","gaussian_phi055_N729_M81_Q9",0.666666666666667,12,662608644
"gaussian_phi060_N729","gaussian","phi_grid_three_regimes","N_729","M = N^(1/3)","alpha_1_3","M = N^(1/3)",0.6,729,9,81,0.6,0.333333333333333,NA,"Short blocks; variance mismatch expected to dominate","Gaussian",1,0,0,"inside formal moment assumptions","regular","phi = 0.60","N = 729","gaussian_phi060_N729_M9_Q81",0.333333333333333,4,667612144
"gaussian_phi060_N729","gaussian","phi_grid_three_regimes","N_729","M = N^(1/2)","alpha_1_2","M = N^(1/2)",0.6,729,27,27,0.6,0.5,NA,"Balanced blocks; both leading errors have the same order","Gaussian",1,0,0,"inside formal moment assumptions","regular","phi = 0.60","N = 729","gaussian_phi060_N729_M27_Q27",0.5,12,667612144
"gaussian_phi060_N729","gaussian","phi_grid_three_regimes","N_729","M = N^(2/3)","alpha_2_3","M = N^(2/3)",0.6,729,81,9,0.6,0.666666666666667,NA,"Long blocks and few blocks; finite-Q error expected to dominate","Gaussian",1,0,0,"inside formal moment assumptions","regular","phi = 0.60","N = 729","gaussian_phi060_N729_M81_Q9",0.666666666666667,12,667612144
"gaussian_phi065_N729","gaussian","phi_grid_three_regimes","N_729","M = N^(1/3)","alpha_1_3","M = N^(1/3)",0.65,729,9,81,0.65,0.333333333333333,NA,"Short blocks; variance mismatch expected to dominate","Gaussian",1,0,0,"inside formal moment assumptions","regular","phi = 0.65","N = 729","gaussian_phi065_N729_M9_Q81",0.333333333333333,4,672615644
"gaussian_phi065_N729","gaussian","phi_grid_three_regimes","N_729","M = N^(1/2)","alpha_1_2","M = N^(1/2)",0.65,729,27,27,0.65,0.5,NA,"Balanced blocks; both leading errors have the same order","Gaussian",1,0,0,"inside formal moment assumptions","regular","phi = 0.65","N = 729","gaussian_phi065_N729_M27_Q27",0.5,12,672615644
"gaussian_phi065_N729","gaussian","phi_grid_three_regimes","N_729","M = N^(2/3)","alpha_2_3","M = N^(2/3)",0.65,729,81,9,0.65,0.666666666666667,NA,"Long blocks and few blocks; finite-Q error expected to dominate","Gaussian",1,0,0,"inside formal moment assumptions","regular","phi = 0.65","N = 729","gaussian_phi065_N729_M81_Q9",0.666666666666667,12,672615644
"gaussian_phi070_N729","gaussian","phi_grid_three_regimes","N_729","M = N^(1/3)","alpha_1_3","M = N^(1/3)",0.7,729,9,81,0.7,0.333333333333333,NA,"Short blocks; variance mismatch expected to dominate","Gaussian",1,0,0,"inside formal moment assumptions","regular","phi = 0.70","N = 729","gaussian_phi070_N729_M9_Q81",0.333333333333333,4,677619144
"gaussian_phi070_N729","gaussian","phi_grid_three_regimes","N_729","M = N^(1/2)","alpha_1_2","M = N^(1/2)",0.7,729,27,27,0.7,0.5,NA,"Balanced blocks; both leading errors have the same order","Gaussian",1,0,0,"inside formal moment assumptions","regular","phi = 0.70","N = 729","gaussian_phi070_N729_M27_Q27",0.5,12,677619144
"gaussian_phi070_N729","gaussian","phi_grid_three_regimes","N_729","M = N^(2/3)","alpha_2_3","M = N^(2/3)",0.7,729,81,9,0.7,0.666666666666667,NA,"Long blocks and few blocks; finite-Q error expected to dominate","Gaussian",1,0,0,"inside formal moment assumptions","regular","phi = 0.70","N = 729","gaussian_phi070_N729_M81_Q9",0.666666666666667,12,677619144
"gaussian_phi075_N729","gaussian","phi_grid_three_regimes","N_729","M = N^(1/3)","alpha_1_3","M = N^(1/3)",0.75,729,9,81,0.75,0.333333333333333,NA,"Short blocks; variance mismatch expected to dominate","Gaussian",1,0,0,"inside formal moment assumptions","regular","phi = 0.75","N = 729","gaussian_phi075_N729_M9_Q81",0.333333333333333,4,682622644
"gaussian_phi075_N729","gaussian","phi_grid_three_regimes","N_729","M = N^(1/2)","alpha_1_2","M = N^(1/2)",0.75,729,27,27,0.75,0.5,NA,"Balanced blocks; both leading errors have the same order","Gaussian",1,0,0,"inside formal moment assumptions","regular","phi = 0.75","N = 729","gaussian_phi075_N729_M27_Q27",0.5,12,682622644
"gaussian_phi075_N729","gaussian","phi_grid_three_regimes","N_729","M = N^(2/3)","alpha_2_3","M = N^(2/3)",0.75,729,81,9,0.75,0.666666666666667,NA,"Long blocks and few blocks; finite-Q error expected to dominate","Gaussian",1,0,0,"inside formal moment assumptions","regular","phi = 0.75","N = 729","gaussian_phi075_N729_M81_Q9",0.666666666666667,12,682622644
"gaussian_phi080_N729","gaussian","phi_grid_three_regimes","N_729","M = N^(1/3)","alpha_1_3","M = N^(1/3)",0.8,729,9,81,0.8,0.333333333333333,NA,"Short blocks; variance mismatch expected to dominate","Gaussian",1,0,0,"inside formal moment assumptions","regular","phi = 0.80","N = 729","gaussian_phi080_N729_M9_Q81",0.333333333333333,4,687626144
"gaussian_phi080_N729","gaussian","phi_grid_three_regimes","N_729","M = N^(1/2)","alpha_1_2","M = N^(1/2)",0.8,729,27,27,0.8,0.5,NA,"Balanced blocks; both leading errors have the same order","Gaussian",1,0,0,"inside formal moment assumptions","regular","phi = 0.80","N = 729","gaussian_phi080_N729_M27_Q27",0.5,12,687626144
"gaussian_phi080_N729","gaussian","phi_grid_three_regimes","N_729","M = N^(2/3)","alpha_2_3","M = N^(2/3)",0.8,729,81,9,0.8,0.666666666666667,NA,"Long blocks and few blocks; finite-Q error expected to dominate","Gaussian",1,0,0,"inside formal moment assumptions","regular","phi = 0.80","N = 729","gaussian_phi080_N729_M81_Q9",0.666666666666667,12,687626144
"gaussian_phi085_N729","gaussian","phi_grid_three_regimes","N_729","M = N^(1/3)","alpha_1_3","M = N^(1/3)",0.85,729,9,81,0.85,0.333333333333333,NA,"Short blocks; variance mismatch expected to dominate","Gaussian",1,0,0,"inside formal moment assumptions","regular","phi = 0.85","N = 729","gaussian_phi085_N729_M9_Q81",0.333333333333333,4,692629644
"gaussian_phi085_N729","gaussian","phi_grid_three_regimes","N_729","M = N^(1/2)","alpha_1_2","M = N^(1/2)",0.85,729,27,27,0.85,0.5,NA,"Balanced blocks; both leading errors have the same order","Gaussian",1,0,0,"inside formal moment assumptions","regular","phi = 0.85","N = 729","gaussian_phi085_N729_M27_Q27",0.5,12,692629644
"gaussian_phi085_N729","gaussian","phi_grid_three_regimes","N_729","M = N^(2/3)","alpha_2_3","M = N^(2/3)",0.85,729,81,9,0.85,0.666666666666667,NA,"Long blocks and few blocks; finite-Q error expected to dominate","Gaussian",1,0,0,"inside formal moment assumptions","regular","phi = 0.85","N = 729","gaussian_phi085_N729_M81_Q9",0.666666666666667,12,692629644
"gaussian_phi090_N729","gaussian","phi_grid_three_regimes","N_729","M = N^(1/3)","alpha_1_3","M = N^(1/3)",0.9,729,9,81,0.9,0.333333333333333,NA,"Short blocks; variance mismatch expected to dominate","Gaussian",1,0,0,"inside formal moment assumptions","regular","phi = 0.90","N = 729","gaussian_phi090_N729_M9_Q81",0.333333333333333,4,697633144
"gaussian_phi090_N729","gaussian","phi_grid_three_regimes","N_729","M = N^(1/2)","alpha_1_2","M = N^(1/2)",0.9,729,27,27,0.9,0.5,NA,"Balanced blocks; both leading errors have the same order","Gaussian",1,0,0,"inside formal moment assumptions","regular","phi = 0.90","N = 729","gaussian_phi090_N729_M27_Q27",0.5,12,697633144
"gaussian_phi090_N729","gaussian","phi_grid_three_regimes","N_729","M = N^(2/3)","alpha_2_3","M = N^(2/3)",0.9,729,81,9,0.9,0.666666666666667,NA,"Long blocks and few blocks; finite-Q error expected to dominate","Gaussian",1,0,0,"inside formal moment assumptions","regular","phi = 0.90","N = 729","gaussian_phi090_N729_M81_Q9",0.666666666666667,12,697633144
"gaussian_phi095_N729","gaussian","phi_grid_three_regimes","N_729","M = N^(1/3)","alpha_1_3","M = N^(1/3)",0.95,729,9,81,0.95,0.333333333333333,NA,"Short blocks; variance mismatch expected to dominate","Gaussian",1,0,0,"inside formal moment assumptions","regular","phi = 0.95","N = 729","gaussian_phi095_N729_M9_Q81",0.333333333333333,4,702636644
"gaussian_phi095_N729","gaussian","phi_grid_three_regimes","N_729","M = N^(1/2)","alpha_1_2","M = N^(1/2)",0.95,729,27,27,0.95,0.5,NA,"Balanced blocks; both leading errors have the same order","Gaussian",1,0,0,"inside formal moment assumptions","regular","phi = 0.95","N = 729","gaussian_phi095_N729_M27_Q27",0.5,12,702636644
"gaussian_phi095_N729","gaussian","phi_grid_three_regimes","N_729","M = N^(2/3)","alpha_2_3","M = N^(2/3)",0.95,729,81,9,0.95,0.666666666666667,NA,"Long blocks and few blocks; finite-Q error expected to dominate","Gaussian",1,0,0,"inside formal moment assumptions","regular","phi = 0.95","N = 729","gaussian_phi095_N729_M81_Q9",0.666666666666667,12,702636644
"gaussian_phi000_N4096","gaussian","phi_grid_three_regimes","N_4096","M = N^(1/3)","alpha_1_3","M = N^(1/3)",0,4096,16,256,0,0.333333333333333,NA,"Short blocks; variance mismatch expected to dominate","Gaussian",1,0,0,"inside formal moment assumptions","regular","phi = 0.00","N = 4096","gaussian_phi000_N4096_M16_Q256",0.333333333333333,8,1827096599
"gaussian_phi000_N4096","gaussian","phi_grid_three_regimes","N_4096","M = N^(1/2)","alpha_1_2","M = N^(1/2)",0,4096,64,64,0,0.5,NA,"Balanced blocks; both leading errors have the same order","Gaussian",1,0,0,"inside formal moment assumptions","regular","phi = 0.00","N = 4096","gaussian_phi000_N4096_M64_Q64",0.5,17,1827096599
"gaussian_phi000_N4096","gaussian","phi_grid_three_regimes","N_4096","M = N^(2/3)","alpha_2_3","M = N^(2/3)",0,4096,256,16,0,0.666666666666667,NA,"Long blocks and few blocks; finite-Q error expected to dominate","Gaussian",1,0,0,"inside formal moment assumptions","regular","phi = 0.00","N = 4096","gaussian_phi000_N4096_M256_Q16",0.666666666666667,17,1827096599
"gaussian_phi005_N4096","gaussian","phi_grid_three_regimes","N_4096","M = N^(1/3)","alpha_1_3","M = N^(1/3)",0.05,4096,16,256,0.05,0.333333333333333,NA,"Short blocks; variance mismatch expected to dominate","Gaussian",1,0,0,"inside formal moment assumptions","regular","phi = 0.05","N = 4096","gaussian_phi005_N4096_M16_Q256",0.333333333333333,8,1832100099
"gaussian_phi005_N4096","gaussian","phi_grid_three_regimes","N_4096","M = N^(1/2)","alpha_1_2","M = N^(1/2)",0.05,4096,64,64,0.05,0.5,NA,"Balanced blocks; both leading errors have the same order","Gaussian",1,0,0,"inside formal moment assumptions","regular","phi = 0.05","N = 4096","gaussian_phi005_N4096_M64_Q64",0.5,17,1832100099
"gaussian_phi005_N4096","gaussian","phi_grid_three_regimes","N_4096","M = N^(2/3)","alpha_2_3","M = N^(2/3)",0.05,4096,256,16,0.05,0.666666666666667,NA,"Long blocks and few blocks; finite-Q error expected to dominate","Gaussian",1,0,0,"inside formal moment assumptions","regular","phi = 0.05","N = 4096","gaussian_phi005_N4096_M256_Q16",0.666666666666667,17,1832100099
"gaussian_phi010_N4096","gaussian","phi_grid_three_regimes","N_4096","M = N^(1/3)","alpha_1_3","M = N^(1/3)",0.1,4096,16,256,0.1,0.333333333333333,NA,"Short blocks; variance mismatch expected to dominate","Gaussian",1,0,0,"inside formal moment assumptions","regular","phi = 0.10","N = 4096","gaussian_phi010_N4096_M16_Q256",0.333333333333333,8,1837103599
"gaussian_phi010_N4096","gaussian","phi_grid_three_regimes","N_4096","M = N^(1/2)","alpha_1_2","M = N^(1/2)",0.1,4096,64,64,0.1,0.5,NA,"Balanced blocks; both leading errors have the same order","Gaussian",1,0,0,"inside formal moment assumptions","regular","phi = 0.10","N = 4096","gaussian_phi010_N4096_M64_Q64",0.5,17,1837103599
"gaussian_phi010_N4096","gaussian","phi_grid_three_regimes","N_4096","M = N^(2/3)","alpha_2_3","M = N^(2/3)",0.1,4096,256,16,0.1,0.666666666666667,NA,"Long blocks and few blocks; finite-Q error expected to dominate","Gaussian",1,0,0,"inside formal moment assumptions","regular","phi = 0.10","N = 4096","gaussian_phi010_N4096_M256_Q16",0.666666666666667,17,1837103599
"gaussian_phi015_N4096","gaussian","phi_grid_three_regimes","N_4096","M = N^(1/3)","alpha_1_3","M = N^(1/3)",0.15,4096,16,256,0.15,0.333333333333333,NA,"Short blocks; variance mismatch expected to dominate","Gaussian",1,0,0,"inside formal moment assumptions","regular","phi = 0.15","N = 4096","gaussian_phi015_N4096_M16_Q256",0.333333333333333,8,1842107099
"gaussian_phi015_N4096","gaussian","phi_grid_three_regimes","N_4096","M = N^(1/2)","alpha_1_2","M = N^(1/2)",0.15,4096,64,64,0.15,0.5,NA,"Balanced blocks; both leading errors have the same order","Gaussian",1,0,0,"inside formal moment assumptions","regular","phi = 0.15","N = 4096","gaussian_phi015_N4096_M64_Q64",0.5,17,1842107099
"gaussian_phi015_N4096","gaussian","phi_grid_three_regimes","N_4096","M = N^(2/3)","alpha_2_3","M = N^(2/3)",0.15,4096,256,16,0.15,0.666666666666667,NA,"Long blocks and few blocks; finite-Q error expected to dominate","Gaussian",1,0,0,"inside formal moment assumptions","regular","phi = 0.15","N = 4096","gaussian_phi015_N4096_M256_Q16",0.666666666666667,17,1842107099
"gaussian_phi020_N4096","gaussian","phi_grid_three_regimes","N_4096","M = N^(1/3)","alpha_1_3","M = N^(1/3)",0.2,4096,16,256,0.2,0.333333333333333,NA,"Short blocks; variance mismatch expected to dominate","Gaussian",1,0,0,"inside formal moment assumptions","regular","phi = 0.20","N = 4096","gaussian_phi020_N4096_M16_Q256",0.333333333333333,8,1847110599
"gaussian_phi020_N4096","gaussian","phi_grid_three_regimes","N_4096","M = N^(1/2)","alpha_1_2","M = N^(1/2)",0.2,4096,64,64,0.2,0.5,NA,"Balanced blocks; both leading errors have the same order","Gaussian",1,0,0,"inside formal moment assumptions","regular","phi = 0.20","N = 4096","gaussian_phi020_N4096_M64_Q64",0.5,17,1847110599
"gaussian_phi020_N4096","gaussian","phi_grid_three_regimes","N_4096","M = N^(2/3)","alpha_2_3","M = N^(2/3)",0.2,4096,256,16,0.2,0.666666666666667,NA,"Long blocks and few blocks; finite-Q error expected to dominate","Gaussian",1,0,0,"inside formal moment assumptions","regular","phi = 0.20","N = 4096","gaussian_phi020_N4096_M256_Q16",0.666666666666667,17,1847110599
"gaussian_phi025_N4096","gaussian","phi_grid_three_regimes","N_4096","M = N^(1/3)","alpha_1_3","M = N^(1/3)",0.25,4096,16,256,0.25,0.333333333333333,NA,"Short blocks; variance mismatch expected to dominate","Gaussian",1,0,0,"inside formal moment assumptions","regular","phi = 0.25","N = 4096","gaussian_phi025_N4096_M16_Q256",0.333333333333333,8,1852114099
"gaussian_phi025_N4096","gaussian","phi_grid_three_regimes","N_4096","M = N^(1/2)","alpha_1_2","M = N^(1/2)",0.25,4096,64,64,0.25,0.5,NA,"Balanced blocks; both leading errors have the same order","Gaussian",1,0,0,"inside formal moment assumptions","regular","phi = 0.25","N = 4096","gaussian_phi025_N4096_M64_Q64",0.5,17,1852114099
"gaussian_phi025_N4096","gaussian","phi_grid_three_regimes","N_4096","M = N^(2/3)","alpha_2_3","M = N^(2/3)",0.25,4096,256,16,0.25,0.666666666666667,NA,"Long blocks and few blocks; finite-Q error expected to dominate","Gaussian",1,0,0,"inside formal moment assumptions","regular","phi = 0.25","N = 4096","gaussian_phi025_N4096_M256_Q16",0.666666666666667,17,1852114099
"gaussian_phi030_N4096","gaussian","phi_grid_three_regimes","N_4096","M = N^(1/3)","alpha_1_3","M = N^(1/3)",0.3,4096,16,256,0.3,0.333333333333333,NA,"Short blocks; variance mismatch expected to dominate","Gaussian",1,0,0,"inside formal moment assumptions","regular","phi = 0.30","N = 4096","gaussian_phi030_N4096_M16_Q256",0.333333333333333,8,1857117599
"gaussian_phi030_N4096","gaussian","phi_grid_three_regimes","N_4096","M = N^(1/2)","alpha_1_2","M = N^(1/2)",0.3,4096,64,64,0.3,0.5,NA,"Balanced blocks; both leading errors have the same order","Gaussian",1,0,0,"inside formal moment assumptions","regular","phi = 0.30","N = 4096","gaussian_phi030_N4096_M64_Q64",0.5,17,1857117599
"gaussian_phi030_N4096","gaussian","phi_grid_three_regimes","N_4096","M = N^(2/3)","alpha_2_3","M = N^(2/3)",0.3,4096,256,16,0.3,0.666666666666667,NA,"Long blocks and few blocks; finite-Q error expected to dominate","Gaussian",1,0,0,"inside formal moment assumptions","regular","phi = 0.30","N = 4096","gaussian_phi030_N4096_M256_Q16",0.666666666666667,17,1857117599
"gaussian_phi035_N4096","gaussian","phi_grid_three_regimes","N_4096","M = N^(1/3)","alpha_1_3","M = N^(1/3)",0.35,4096,16,256,0.35,0.333333333333333,NA,"Short blocks; variance mismatch expected to dominate","Gaussian",1,0,0,"inside formal moment assumptions","regular","phi = 0.35","N = 4096","gaussian_phi035_N4096_M16_Q256",0.333333333333333,8,1862121099
"gaussian_phi035_N4096","gaussian","phi_grid_three_regimes","N_4096","M = N^(1/2)","alpha_1_2","M = N^(1/2)",0.35,4096,64,64,0.35,0.5,NA,"Balanced blocks; both leading errors have the same order","Gaussian",1,0,0,"inside formal moment assumptions","regular","phi = 0.35","N = 4096","gaussian_phi035_N4096_M64_Q64",0.5,17,1862121099
"gaussian_phi035_N4096","gaussian","phi_grid_three_regimes","N_4096","M = N^(2/3)","alpha_2_3","M = N^(2/3)",0.35,4096,256,16,0.35,0.666666666666667,NA,"Long blocks and few blocks; finite-Q error expected to dominate","Gaussian",1,0,0,"inside formal moment assumptions","regular","phi = 0.35","N = 4096","gaussian_phi035_N4096_M256_Q16",0.666666666666667,17,1862121099
"gaussian_phi040_N4096","gaussian","phi_grid_three_regimes","N_4096","M = N^(1/3)","alpha_1_3","M = N^(1/3)",0.4,4096,16,256,0.4,0.333333333333333,NA,"Short blocks; variance mismatch expected to dominate","Gaussian",1,0,0,"inside formal moment assumptions","regular","phi = 0.40","N = 4096","gaussian_phi040_N4096_M16_Q256",0.333333333333333,8,1867124599
"gaussian_phi040_N4096","gaussian","phi_grid_three_regimes","N_4096","M = N^(1/2)","alpha_1_2","M = N^(1/2)",0.4,4096,64,64,0.4,0.5,NA,"Balanced blocks; both leading errors have the same order","Gaussian",1,0,0,"inside formal moment assumptions","regular","phi = 0.40","N = 4096","gaussian_phi040_N4096_M64_Q64",0.5,17,1867124599
"gaussian_phi040_N4096","gaussian","phi_grid_three_regimes","N_4096","M = N^(2/3)","alpha_2_3","M = N^(2/3)",0.4,4096,256,16,0.4,0.666666666666667,NA,"Long blocks and few blocks; finite-Q error expected to dominate","Gaussian",1,0,0,"inside formal moment assumptions","regular","phi = 0.40","N = 4096","gaussian_phi040_N4096_M256_Q16",0.666666666666667,17,1867124599
"gaussian_phi045_N4096","gaussian","phi_grid_three_regimes","N_4096","M = N^(1/3)","alpha_1_3","M = N^(1/3)",0.45,4096,16,256,0.45,0.333333333333333,NA,"Short blocks; variance mismatch expected to dominate","Gaussian",1,0,0,"inside formal moment assumptions","regular","phi = 0.45","N = 4096","gaussian_phi045_N4096_M16_Q256",0.333333333333333,8,1872128099
"gaussian_phi045_N4096","gaussian","phi_grid_three_regimes","N_4096","M = N^(1/2)","alpha_1_2","M = N^(1/2)",0.45,4096,64,64,0.45,0.5,NA,"Balanced blocks; both leading errors have the same order","Gaussian",1,0,0,"inside formal moment assumptions","regular","phi = 0.45","N = 4096","gaussian_phi045_N4096_M64_Q64",0.5,17,1872128099
"gaussian_phi045_N4096","gaussian","phi_grid_three_regimes","N_4096","M = N^(2/3)","alpha_2_3","M = N^(2/3)",0.45,4096,256,16,0.45,0.666666666666667,NA,"Long blocks and few blocks; finite-Q error expected to dominate","Gaussian",1,0,0,"inside formal moment assumptions","regular","phi = 0.45","N = 4096","gaussian_phi045_N4096_M256_Q16",0.666666666666667,17,1872128099
"gaussian_phi050_N4096","gaussian","phi_grid_three_regimes","N_4096","M = N^(1/3)","alpha_1_3","M = N^(1/3)",0.5,4096,16,256,0.5,0.333333333333333,NA,"Short blocks; variance mismatch expected to dominate","Gaussian",1,0,0,"inside formal moment assumptions","regular","phi = 0.50","N = 4096","gaussian_phi050_N4096_M16_Q256",0.333333333333333,8,1877131599
"gaussian_phi050_N4096","gaussian","phi_grid_three_regimes","N_4096","M = N^(1/2)","alpha_1_2","M = N^(1/2)",0.5,4096,64,64,0.5,0.5,NA,"Balanced blocks; both leading errors have the same order","Gaussian",1,0,0,"inside formal moment assumptions","regular","phi = 0.50","N = 4096","gaussian_phi050_N4096_M64_Q64",0.5,17,1877131599
"gaussian_phi050_N4096","gaussian","phi_grid_three_regimes","N_4096","M = N^(2/3)","alpha_2_3","M = N^(2/3)",0.5,4096,256,16,0.5,0.666666666666667,NA,"Long blocks and few blocks; finite-Q error expected to dominate","Gaussian",1,0,0,"inside formal moment assumptions","regular","phi = 0.50","N = 4096","gaussian_phi050_N4096_M256_Q16",0.666666666666667,17,1877131599
"gaussian_phi055_N4096","gaussian","phi_grid_three_regimes","N_4096","M = N^(1/3)","alpha_1_3","M = N^(1/3)",0.55,4096,16,256,0.55,0.333333333333333,NA,"Short blocks; variance mismatch expected to dominate","Gaussian",1,0,0,"inside formal moment assumptions","regular","phi = 0.55","N = 4096","gaussian_phi055_N4096_M16_Q256",0.333333333333333,8,1882135099
"gaussian_phi055_N4096","gaussian","phi_grid_three_regimes","N_4096","M = N^(1/2)","alpha_1_2","M = N^(1/2)",0.55,4096,64,64,0.55,0.5,NA,"Balanced blocks; both leading errors have the same order","Gaussian",1,0,0,"inside formal moment assumptions","regular","phi = 0.55","N = 4096","gaussian_phi055_N4096_M64_Q64",0.5,17,1882135099
"gaussian_phi055_N4096","gaussian","phi_grid_three_regimes","N_4096","M = N^(2/3)","alpha_2_3","M = N^(2/3)",0.55,4096,256,16,0.55,0.666666666666667,NA,"Long blocks and few blocks; finite-Q error expected to dominate","Gaussian",1,0,0,"inside formal moment assumptions","regular","phi = 0.55","N = 4096","gaussian_phi055_N4096_M256_Q16",0.666666666666667,17,1882135099
"gaussian_phi060_N4096","gaussian","phi_grid_three_regimes","N_4096","M = N^(1/3)","alpha_1_3","M = N^(1/3)",0.6,4096,16,256,0.6,0.333333333333333,NA,"Short blocks; variance mismatch expected to dominate","Gaussian",1,0,0,"inside formal moment assumptions","regular","phi = 0.60","N = 4096","gaussian_phi060_N4096_M16_Q256",0.333333333333333,8,1887138599
"gaussian_phi060_N4096","gaussian","phi_grid_three_regimes","N_4096","M = N^(1/2)","alpha_1_2","M = N^(1/2)",0.6,4096,64,64,0.6,0.5,NA,"Balanced blocks; both leading errors have the same order","Gaussian",1,0,0,"inside formal moment assumptions","regular","phi = 0.60","N = 4096","gaussian_phi060_N4096_M64_Q64",0.5,17,1887138599
"gaussian_phi060_N4096","gaussian","phi_grid_three_regimes","N_4096","M = N^(2/3)","alpha_2_3","M = N^(2/3)",0.6,4096,256,16,0.6,0.666666666666667,NA,"Long blocks and few blocks; finite-Q error expected to dominate","Gaussian",1,0,0,"inside formal moment assumptions","regular","phi = 0.60","N = 4096","gaussian_phi060_N4096_M256_Q16",0.666666666666667,17,1887138599
"gaussian_phi065_N4096","gaussian","phi_grid_three_regimes","N_4096","M = N^(1/3)","alpha_1_3","M = N^(1/3)",0.65,4096,16,256,0.65,0.333333333333333,NA,"Short blocks; variance mismatch expected to dominate","Gaussian",1,0,0,"inside formal moment assumptions","regular","phi = 0.65","N = 4096","gaussian_phi065_N4096_M16_Q256",0.333333333333333,8,1892142099
"gaussian_phi065_N4096","gaussian","phi_grid_three_regimes","N_4096","M = N^(1/2)","alpha_1_2","M = N^(1/2)",0.65,4096,64,64,0.65,0.5,NA,"Balanced blocks; both leading errors have the same order","Gaussian",1,0,0,"inside formal moment assumptions","regular","phi = 0.65","N = 4096","gaussian_phi065_N4096_M64_Q64",0.5,17,1892142099
"gaussian_phi065_N4096","gaussian","phi_grid_three_regimes","N_4096","M = N^(2/3)","alpha_2_3","M = N^(2/3)",0.65,4096,256,16,0.65,0.666666666666667,NA,"Long blocks and few blocks; finite-Q error expected to dominate","Gaussian",1,0,0,"inside formal moment assumptions","regular","phi = 0.65","N = 4096","gaussian_phi065_N4096_M256_Q16",0.666666666666667,17,1892142099
"gaussian_phi070_N4096","gaussian","phi_grid_three_regimes","N_4096","M = N^(1/3)","alpha_1_3","M = N^(1/3)",0.7,4096,16,256,0.7,0.333333333333333,NA,"Short blocks; variance mismatch expected to dominate","Gaussian",1,0,0,"inside formal moment assumptions","regular","phi = 0.70","N = 4096","gaussian_phi070_N4096_M16_Q256",0.333333333333333,8,1897145599
"gaussian_phi070_N4096","gaussian","phi_grid_three_regimes","N_4096","M = N^(1/2)","alpha_1_2","M = N^(1/2)",0.7,4096,64,64,0.7,0.5,NA,"Balanced blocks; both leading errors have the same order","Gaussian",1,0,0,"inside formal moment assumptions","regular","phi = 0.70","N = 4096","gaussian_phi070_N4096_M64_Q64",0.5,17,1897145599
"gaussian_phi070_N4096","gaussian","phi_grid_three_regimes","N_4096","M = N^(2/3)","alpha_2_3","M = N^(2/3)",0.7,4096,256,16,0.7,0.666666666666667,NA,"Long blocks and few blocks; finite-Q error expected to dominate","Gaussian",1,0,0,"inside formal moment assumptions","regular","phi = 0.70","N = 4096","gaussian_phi070_N4096_M256_Q16",0.666666666666667,17,1897145599
"gaussian_phi075_N4096","gaussian","phi_grid_three_regimes","N_4096","M = N^(1/3)","alpha_1_3","M = N^(1/3)",0.75,4096,16,256,0.75,0.333333333333333,NA,"Short blocks; variance mismatch expected to dominate","Gaussian",1,0,0,"inside formal moment assumptions","regular","phi = 0.75","N = 4096","gaussian_phi075_N4096_M16_Q256",0.333333333333333,8,1902149099
"gaussian_phi075_N4096","gaussian","phi_grid_three_regimes","N_4096","M = N^(1/2)","alpha_1_2","M = N^(1/2)",0.75,4096,64,64,0.75,0.5,NA,"Balanced blocks; both leading errors have the same order","Gaussian",1,0,0,"inside formal moment assumptions","regular","phi = 0.75","N = 4096","gaussian_phi075_N4096_M64_Q64",0.5,17,1902149099
"gaussian_phi075_N4096","gaussian","phi_grid_three_regimes","N_4096","M = N^(2/3)","alpha_2_3","M = N^(2/3)",0.75,4096,256,16,0.75,0.666666666666667,NA,"Long blocks and few blocks; finite-Q error expected to dominate","Gaussian",1,0,0,"inside formal moment assumptions","regular","phi = 0.75","N = 4096","gaussian_phi075_N4096_M256_Q16",0.666666666666667,17,1902149099
"gaussian_phi080_N4096","gaussian","phi_grid_three_regimes","N_4096","M = N^(1/3)","alpha_1_3","M = N^(1/3)",0.8,4096,16,256,0.8,0.333333333333333,NA,"Short blocks; variance mismatch expected to dominate","Gaussian",1,0,0,"inside formal moment assumptions","regular","phi = 0.80","N = 4096","gaussian_phi080_N4096_M16_Q256",0.333333333333333,8,1907152599
"gaussian_phi080_N4096","gaussian","phi_grid_three_regimes","N_4096","M = N^(1/2)","alpha_1_2","M = N^(1/2)",0.8,4096,64,64,0.8,0.5,NA,"Balanced blocks; both leading errors have the same order","Gaussian",1,0,0,"inside formal moment assumptions","regular","phi = 0.80","N = 4096","gaussian_phi080_N4096_M64_Q64",0.5,17,1907152599
"gaussian_phi080_N4096","gaussian","phi_grid_three_regimes","N_4096","M = N^(2/3)","alpha_2_3","M = N^(2/3)",0.8,4096,256,16,0.8,0.666666666666667,NA,"Long blocks and few blocks; finite-Q error expected to dominate","Gaussian",1,0,0,"inside formal moment assumptions","regular","phi = 0.80","N = 4096","gaussian_phi080_N4096_M256_Q16",0.666666666666667,17,1907152599
"gaussian_phi085_N4096","gaussian","phi_grid_three_regimes","N_4096","M = N^(1/3)","alpha_1_3","M = N^(1/3)",0.85,4096,16,256,0.85,0.333333333333333,NA,"Short blocks; variance mismatch expected to dominate","Gaussian",1,0,0,"inside formal moment assumptions","regular","phi = 0.85","N = 4096","gaussian_phi085_N4096_M16_Q256",0.333333333333333,8,1912156099
"gaussian_phi085_N4096","gaussian","phi_grid_three_regimes","N_4096","M = N^(1/2)","alpha_1_2","M = N^(1/2)",0.85,4096,64,64,0.85,0.5,NA,"Balanced blocks; both leading errors have the same order","Gaussian",1,0,0,"inside formal moment assumptions","regular","phi = 0.85","N = 4096","gaussian_phi085_N4096_M64_Q64",0.5,17,1912156099
"gaussian_phi085_N4096","gaussian","phi_grid_three_regimes","N_4096","M = N^(2/3)","alpha_2_3","M = N^(2/3)",0.85,4096,256,16,0.85,0.666666666666667,NA,"Long blocks and few blocks; finite-Q error expected to dominate","Gaussian",1,0,0,"inside formal moment assumptions","regular","phi = 0.85","N = 4096","gaussian_phi085_N4096_M256_Q16",0.666666666666667,17,1912156099
"gaussian_phi090_N4096","gaussian","phi_grid_three_regimes","N_4096","M = N^(1/3)","alpha_1_3","M = N^(1/3)",0.9,4096,16,256,0.9,0.333333333333333,NA,"Short blocks; variance mismatch expected to dominate","Gaussian",1,0,0,"inside formal moment assumptions","regular","phi = 0.90","N = 4096","gaussian_phi090_N4096_M16_Q256",0.333333333333333,8,1917159599
"gaussian_phi090_N4096","gaussian","phi_grid_three_regimes","N_4096","M = N^(1/2)","alpha_1_2","M = N^(1/2)",0.9,4096,64,64,0.9,0.5,NA,"Balanced blocks; both leading errors have the same order","Gaussian",1,0,0,"inside formal moment assumptions","regular","phi = 0.90","N = 4096","gaussian_phi090_N4096_M64_Q64",0.5,17,1917159599
"gaussian_phi090_N4096","gaussian","phi_grid_three_regimes","N_4096","M = N^(2/3)","alpha_2_3","M = N^(2/3)",0.9,4096,256,16,0.9,0.666666666666667,NA,"Long blocks and few blocks; finite-Q error expected to dominate","Gaussian",1,0,0,"inside formal moment assumptions","regular","phi = 0.90","N = 4096","gaussian_phi090_N4096_M256_Q16",0.666666666666667,17,1917159599
"gaussian_phi095_N4096","gaussian","phi_grid_three_regimes","N_4096","M = N^(1/3)","alpha_1_3","M = N^(1/3)",0.95,4096,16,256,0.95,0.333333333333333,NA,"Short blocks; variance mismatch expected to dominate","Gaussian",1,0,0,"inside formal moment assumptions","regular","phi = 0.95","N = 4096","gaussian_phi095_N4096_M16_Q256",0.333333333333333,8,1922163099
"gaussian_phi095_N4096","gaussian","phi_grid_three_regimes","N_4096","M = N^(1/2)","alpha_1_2","M = N^(1/2)",0.95,4096,64,64,0.95,0.5,NA,"Balanced blocks; both leading errors have the same order","Gaussian",1,0,0,"inside formal moment assumptions","regular","phi = 0.95","N = 4096","gaussian_phi095_N4096_M64_Q64",0.5,17,1922163099
"gaussian_phi095_N4096","gaussian","phi_grid_three_regimes","N_4096","M = N^(2/3)","alpha_2_3","M = N^(2/3)",0.95,4096,256,16,0.95,0.666666666666667,NA,"Long blocks and few blocks; finite-Q error expected to dominate","Gaussian",1,0,0,"inside formal moment assumptions","regular","phi = 0.95","N = 4096","gaussian_phi095_N4096_M256_Q16",0.666666666666667,17,1922163099
