"design_id","scenario_id","innovation","innovation_label","assumption_status","phi","phi_label","N","M","Q","L","B_point","burn_in","b_true","mean_b_hat","bias_b_hat","rmse_b_hat","nu_true","mean_nu_hat","bias_nu_hat","rmse_nu_hat","sigma_nonpositive_rate","truncation_rate","convex_failure_rate"
"gaussian_phi000_N64_M4_Q16","gaussian_phi000_N64","gaussian","Gaussian","inside formal moment assumptions",0,"phi = 0.00",64,4,16,2,100000,0,0,-0.182487947774089,-0.182487947774089,0.69390823682445,1,1.04104075419586,0.0410407541958611,0.159561522306387,0.00039,0.04249,3e-05
"gaussian_phi000_N64_M8_Q8","gaussian_phi000_N64","gaussian","Gaussian","inside formal moment assumptions",0,"phi = 0.00",64,8,8,4,100000,0,0,-0.513206045833975,-0.513206045833975,1.66329518773049,1,1.05160149284619,0.0516014928461945,0.17438224314265,0.00505,0.08587,0.00842
"gaussian_phi000_N64_M16_Q4","gaussian_phi000_N64","gaussian","Gaussian","inside formal moment assumptions",0,"phi = 0.00",64,16,4,5,100000,0,0,-0.693369607507276,-0.693369607507276,2.17635472141117,1,1.02921514185092,0.0292151418509201,0.0967009044723297,0.01083,0.10044,0.12612
"gaussian_phi005_N64_M4_Q16","gaussian_phi005_N64","gaussian","Gaussian","inside formal moment assumptions",0.05,"phi = 0.05",64,4,16,2,100000,0,0.100250626566416,-0.0737048004733991,-0.173955427039815,0.643476165573765,0.976467053655475,1.01587161148156,0.0394045578260884,0.148385032173238,0.00021,0.02806,5e-05
"gaussian_phi005_N64_M8_Q8","gaussian_phi005_N64","gaussian","Gaussian","inside formal moment assumptions",0.05,"phi = 0.05",64,8,8,4,100000,0,0.100250626566416,-0.414829039025394,-0.51507966559181,1.62475818884267,0.989017885158947,1.04119382792448,0.0521759427655351,0.170658691344067,0.0043,0.07504,0.00767
"gaussian_phi005_N64_M16_Q4","gaussian_phi005_N64","gaussian","Gaussian","inside formal moment assumptions",0.05,"phi = 0.05",64,16,4,5,100000,0,0.100250626566416,-0.603379710033908,-0.703630336600324,2.14751914031963,0.995293379353624,1.02516962653001,0.0298762471763855,0.0955643966221038,0.00914,0.0918,0.12536
"gaussian_phi010_N64_M4_Q16","gaussian_phi010_N64","gaussian","Gaussian","inside formal moment assumptions",0.1,"phi = 0.10",64,4,16,2,100000,0,0.202020202020202,0.0400066401751722,-0.16201356184503,0.585088613321844,0.952506649778341,0.989472883437179,0.0369662336588383,0.135382388516041,7e-05,0.01659,4e-05
"gaussian_phi010_N64_M8_Q8","gaussian_phi010_N64","gaussian","Gaussian","inside formal moment assumptions",0.1,"phi = 0.10",64,8,8,4,100000,0,0.202020202020202,-0.302114961455682,-0.504135163475883,1.57807739560522,0.977834072450918,1.02921569634011,0.0513816238891948,0.166128999988091,0.00334,0.06367,0.00847
"gaussian_phi010_N64_M16_Q4","gaussian_phi010_N64","gaussian","Gaussian","inside formal moment assumptions",0.1,"phi = 0.10",64,16,4,5,100000,0,0.202020202020202,-0.49277070472901,-0.694790906749212,2.10958361764375,0.990500316656111,1.02016701356565,0.0296666969095359,0.0940474091017382,0.00773,0.0842,0.1275
"gaussian_phi015_N64_M4_Q16","gaussian_phi015_N64","gaussian","Gaussian","inside formal moment assumptions",0.15,"phi = 0.15",64,4,16,2,100000,0,0.30690537084399,0.150695715330376,-0.156209655513614,0.527971937184466,0.92776148409894,0.963671533393186,0.0359100492942465,0.122594818202362,4e-05,0.00964,3e-05
"gaussian_phi015_N64_M8_Q8","gaussian_phi015_N64","gaussian","Gaussian","inside formal moment assumptions",0.15,"phi = 0.15",64,8,8,4,100000,0,0.30690537084399,-0.182400599866471,-0.489305970710461,1.52106341576169,0.966270488517407,1.01647262599922,0.0502021374818103,0.160543639726322,0.00274,0.05361,0.00845
"gaussian_phi015_N64_M16_Q4","gaussian_phi015_N64","gaussian","Gaussian","inside formal moment assumptions",0.15,"phi = 0.15",64,16,4,5,100000,0,0.30690537084399,-0.37824674811783,-0.685152118961819,2.0583019150775,0.985544490844846,1.01500060173529,0.0294561108904394,0.0919723356513144,0.00667,0.07399,0.12619
"gaussian_phi020_N64_M4_Q16","gaussian_phi020_N64","gaussian","Gaussian","inside formal moment assumptions",0.2,"phi = 0.20",64,4,16,2,100000,0,0.416666666666667,0.253386565539105,-0.163280101127561,0.479566391684594,0.901871559633028,0.939632615090835,0.0377610554578073,0.111742349753193,1e-05,0.00551,7e-05
"gaussian_phi020_N64_M8_Q8","gaussian_phi020_N64","gaussian","Gaussian","inside formal moment assumptions",0.2,"phi = 0.20",64,8,8,4,100000,0,0.416666666666667,-0.0557683337098189,-0.472435000376486,1.46409960329522,0.95412857457405,1.00291338623612,0.0487848116620658,0.154963485667541,0.00196,0.04449,0.00862
"gaussian_phi020_N64_M16_Q4","gaussian_phi020_N64","gaussian","Gaussian","inside formal moment assumptions",0.2,"phi = 0.20",64,16,4,5,100000,0,0.416666666666667,-0.256467906129886,-0.673134572796553,2.00823395890794,0.980340760157446,1.00946900718839,0.0291282470309425,0.0899583776103257,0.00521,0.06471,0.12821
"gaussian_phi025_N64_M4_Q16","gaussian_phi025_N64","gaussian","Gaussian","inside formal moment assumptions",0.25,"phi = 0.25",64,4,16,2,100000,0,0.533333333333333,0.354391173020664,-0.178942160312669,0.428541237458942,0.874474789915966,0.915918980319358,0.0414441904033916,0.100199151872034,0,0.00218,7e-05
"gaussian_phi025_N64_M8_Q8","gaussian_phi025_N64","gaussian","Gaussian","inside formal moment assumptions",0.25,"phi = 0.25",64,8,8,4,100000,0,0.533333333333333,0.0883560922767069,-0.444977241056626,1.38101661687277,0.941177496389181,0.987476205444969,0.0462987090557878,0.146698450036281,0.00142,0.03381,0.00929
"gaussian_phi025_N64_M16_Q4","gaussian_phi025_N64","gaussian","Gaussian","inside formal moment assumptions",0.25,"phi = 0.25",64,16,4,5,100000,0,0.533333333333333,-0.118997933607791,-0.652331266941124,1.94745679160439,0.974789915974213,1.00320105341935,0.0284111374451341,0.08748065862753,0.00455,0.05597,0.12873
"gaussian_phi030_N64_M4_Q16","gaussian_phi030_N64","gaussian","Gaussian","inside formal moment assumptions",0.3,"phi = 0.30",64,4,16,2,100000,0,0.659340659340659,0.443272757826922,-0.216067901513737,0.402848475839345,0.845207494795281,0.894955576669148,0.0497480818738666,0.0941819810429067,0,0.00099,1e-04
"gaussian_phi030_N64_M8_Q8","gaussian_phi030_N64","gaussian","Gaussian","inside formal moment assumptions",0.3,"phi = 0.30",64,8,8,4,100000,0,0.659340659340659,0.225217874717521,-0.434122784623138,1.30690579640054,0.927139398473282,0.972735713264335,0.0455963147910521,0.139339573600463,0.00101,0.02615,0.00978
"gaussian_phi030_N64_M16_Q4","gaussian_phi030_N64","gaussian","Gaussian","inside formal moment assumptions",0.3,"phi = 0.30",64,16,4,5,100000,0,0.659340659340659,0.0257187862699856,-0.633621873070674,1.86914194921514,0.968771686508175,0.996609652174119,0.027837965665944,0.0842398777514061,0.00325,0.04634,0.13066
"gaussian_phi035_N64_M4_Q16","gaussian_phi035_N64","gaussian","Gaussian","inside formal moment assumptions",0.35,"phi = 0.35",64,4,16,2,100000,0,0.797720797720798,0.526654458877098,-0.271066338843699,0.401537492815827,0.813704832311576,0.875214851945389,0.0615100196338133,0.0931314810971968,0,0.00044,1e-04
"gaussian_phi035_N64_M8_Q8","gaussian_phi035_N64","gaussian","Gaussian","inside formal moment assumptions",0.35,"phi = 0.35",64,8,8,4,100000,0,0.797720797720798,0.368828812611467,-0.428891985109331,1.22745189746827,0.911670772632866,0.957197471216703,0.0455266985838374,0.131453561058901,0.00067,0.01932,0.00958
"gaussian_phi035_N64_M16_Q4","gaussian_phi035_N64","gaussian","Gaussian","inside formal moment assumptions",0.35,"phi = 0.35",64,16,4,5,100000,0,0.797720797720798,0.171864457380763,-0.625856340340034,1.79818358187792,0.962134874539964,0.989903863644605,0.0277689891046411,0.0813467881432107,0.00241,0.038,0.1321
"gaussian_phi040_N64_M4_Q16","gaussian_phi040_N64","gaussian","Gaussian","inside formal moment assumptions",0.4,"phi = 0.40",64,4,16,2,100000,0,0.952380952380952,0.605866205084531,-0.346514747296422,0.429637995058367,0.779601208459214,0.856401780714369,0.0768005722551542,0.0975864660228025,0,0.00017,0.00011
"gaussian_phi040_N64_M8_Q8","gaussian_phi040_N64","gaussian","Gaussian","inside formal moment assumptions",0.4,"phi = 0.40",64,8,8,4,100000,0,0.952380952380952,0.529619519799051,-0.422761432581902,1.13767262769731,0.894339016314199,0.93969681461933,0.0453577983051304,0.122487849610872,0.00048,0.01324,0.01076
"gaussian_phi040_N64_M16_Q4","gaussian_phi040_N64","gaussian","Gaussian","inside formal moment assumptions",0.4,"phi = 0.40",64,16,4,5,100000,0,0.952380952380952,0.346328609288533,-0.606052343092419,1.70746692669736,0.954682805407657,0.981856357824413,0.0271735524167559,0.0775762520939981,0.00156,0.03069,0.13362
"gaussian_phi045_N64_M4_Q16","gaussian_phi045_N64","gaussian","Gaussian","inside formal moment assumptions",0.45,"phi = 0.45",64,4,16,2,100000,0,1.12852664576803,0.676441762055014,-0.452084883713011,0.50239166258075,0.742530714000798,0.839585034782646,0.0970543207818481,0.110162650846789,0,8e-05,0.00014
"gaussian_phi045_N64_M8_Q8","gaussian_phi045_N64","gaussian","Gaussian","inside formal moment assumptions",0.45,"phi = 0.45",64,8,8,4,100000,0,1.12852664576803,0.685845405253801,-0.442681240514224,1.0490710590231,0.874593276631058,0.922626398878457,0.0480331222473986,0.113651179931355,2e-04,0.00883,0.01112
"gaussian_phi045_N64_M16_Q4","gaussian_phi045_N64","gaussian","Gaussian","inside formal moment assumptions",0.45,"phi = 0.45",64,16,4,5,100000,0,1.12852664576803,0.529411064191875,-0.59911558157615,1.59938117504451,0.946150980832547,0.973393211336606,0.0272422305040594,0.0730878631560539,0.00123,0.02262,0.13258
"gaussian_phi050_N64_M4_Q16","gaussian_phi050_N64","gaussian","Gaussian","inside formal moment assumptions",0.5,"phi = 0.50",64,4,16,2,100000,0,1.33333333333333,0.740849780435216,-0.592483552898117,0.622308233195423,0.702127659574468,0.824193189222823,0.122065529648355,0.130237574169876,0,3e-05,9e-05
"gaussian_phi050_N64_M8_Q8","gaussian_phi050_N64","gaussian","Gaussian","inside formal moment assumptions",0.5,"phi = 0.50",64,8,8,4,100000,0,1.33333333333333,0.845608031166685,-0.487725302166648,0.980020560515571,0.851728723404255,0.90502762166816,0.0532988982639048,0.106827184303889,0.00012,0.00536,0.01142
"gaussian_phi050_N64_M16_Q4","gaussian_phi050_N64","gaussian","Gaussian","inside formal moment assumptions",0.5,"phi = 0.50",64,16,4,5,100000,0,1.33333333333333,0.729489313105678,-0.603844020227656,1.48792196656951,0.936171511386303,0.964067828936342,0.0278963175500384,0.0684685011130697,0.00096,0.01597,0.13618
"gaussian_phi055_N64_M4_Q16","gaussian_phi055_N64","gaussian","Gaussian","inside formal moment assumptions",0.55,"phi = 0.55",64,4,16,2,100000,0,1.57706093189964,0.800836693899454,-0.776224238000187,0.793214156190242,0.658027331189711,0.809824515989362,0.151797184799652,0.156746550369992,0,1e-05,0.00027
"gaussian_phi055_N64_M8_Q8","gaussian_phi055_N64","gaussian","Gaussian","inside formal moment assumptions",0.55,"phi = 0.55",64,8,8,4,100000,0,1.57706093189964,1.00572586583343,-0.57133506606621,0.934025932937284,0.824843497136972,0.887292267603177,0.0624487704662048,0.102312979974989,5e-05,0.00288,0.01312
"gaussian_phi055_N64_M16_Q4","gaussian_phi055_N64","gaussian","Gaussian","inside formal moment assumptions",0.55,"phi = 0.55",64,16,4,5,100000,0,1.57706093189964,0.934372595646721,-0.642688336252921,1.38124588876057,0.924214710619743,0.954455845251199,0.0302411346314565,0.0641692236893651,0.00037,0.01,0.13873
"gaussian_phi060_N64_M4_Q16","gaussian_phi060_N64","gaussian","Gaussian","inside formal moment assumptions",0.6,"phi = 0.60",64,4,16,2,100000,0,1.875,0.855568659794218,-1.01943134020578,1.02914747663089,0.609867203219316,0.796683506813318,0.186816303594002,0.189856822985264,0,0,0.00036
"gaussian_phi060_N64_M8_Q8","gaussian_phi060_N64","gaussian","Gaussian","inside formal moment assumptions",0.6,"phi = 0.60",64,8,8,4,100000,0,1.875,1.15868358643264,-0.716316413567363,0.952250335634,0.792787805231388,0.870239346263884,0.077451541032496,0.104012680695321,1e-05,0.00123,0.01465
"gaussian_phi060_N64_M16_Q4","gaussian_phi060_N64","gaussian","Gaussian","inside formal moment assumptions",0.6,"phi = 0.60",64,16,4,5,100000,0,1.875,1.14197205398576,-0.733027946014239,1.30283670995519,0.909490798107535,0.944637198876853,0.035146400769319,0.0613157447523546,0.00021,0.00592,0.14228
"gaussian_phi065_N64_M4_Q16","gaussian_phi065_N64","gaussian","Gaussian","inside formal moment assumptions",0.65,"phi = 0.65",64,4,16,2,100000,0,2.25108225108225,0.906318750173691,-1.34476350090856,1.35031214941608,0.55728911946156,0.784473248766882,0.227184129305322,0.229078246826348,0,0,5e-04
"gaussian_phi065_N64_M8_Q8","gaussian_phi065_N64","gaussian","Gaussian","inside formal moment assumptions",0.65,"phi = 0.65",64,8,8,4,100000,0,2.25108225108225,1.3061810541974,-0.944901196884853,1.08522691694684,0.754105176820112,0.853653766769695,0.0995485899495827,0.115964479853838,0,0.00067,0.0164
"gaussian_phi065_N64_M16_Q4","gaussian_phi065_N64","gaussian","Gaussian","inside formal moment assumptions",0.65,"phi = 0.65",64,16,4,5,100000,0,2.25108225108225,1.35162385150371,-0.899458399578537,1.28953463256135,0.890781822626793,0.934634527049504,0.0438527044227111,0.0617668280450064,7e-05,0.00342,0.14523
"gaussian_phi070_N64_M4_Q16","gaussian_phi070_N64","gaussian","Gaussian","inside formal moment assumptions",0.7,"phi = 0.70",64,4,16,2,100000,0,2.74509803921569,0.953094432970905,-1.79200360624478,1.79511446894158,0.499943661969098,0.773198950622732,0.273255288653634,0.274437381881736,0,0,0.00085
"gaussian_phi070_N64_M8_Q8","gaussian_phi070_N64","gaussian","Gaussian","inside formal moment assumptions",0.7,"phi = 0.70",64,8,8,4,100000,0,2.74509803921569,1.44511592146598,-1.29998211774971,1.37536329434231,0.706967276308556,0.837927155122854,0.130959878814298,0.140330724502351,1e-05,0.00035,0.0185
"gaussian_phi070_N64_M16_Q4","gaussian_phi070_N64","gaussian","Gaussian","inside formal moment assumptions",0.7,"phi = 0.70",64,16,4,5,100000,0,2.74509803921569,1.55616474481927,-1.18893329439641,1.41969750416218,0.866152702976026,0.924778641035092,0.0586259380590659,0.0692740728183888,1e-04,0.00161,0.15027
"gaussian_phi075_N64_M4_Q16","gaussian_phi075_N64","gaussian","Gaussian","inside formal moment assumptions",0.75,"phi = 0.75",64,4,16,2,100000,0,3.42857142857143,0.996044968251672,-2.43252646031976,2.43419272157078,0.437499999750113,0.762830267023548,0.325330267273435,0.326055071953789,0,0,0.00194
"gaussian_phi075_N64_M8_Q8","gaussian_phi075_N64","gaussian","Gaussian","inside formal moment assumptions",0.75,"phi = 0.75",64,8,8,4,100000,0,3.42857142857143,1.57663496216736,-1.85193646640407,1.88833335403801,0.649107734741277,0.822953305816103,0.173845571074827,0.178791331174453,0,5e-05,0.02314
"gaussian_phi075_N64_M16_Q4","gaussian_phi075_N64","gaussian","Gaussian","inside formal moment assumptions",0.75,"phi = 0.75",64,16,4,5,100000,0,3.42857142857143,1.75084975574446,-1.67772167282697,1.79511809750368,0.832457945733796,0.915305839124957,0.0828478933911604,0.088351967741465,2e-05,0.00063,0.15802
"gaussian_phi080_N64_M4_Q16","gaussian_phi080_N64","gaussian","Gaussian","inside formal moment assumptions",0.8,"phi = 0.80",64,4,16,2,100000,0,4.44444444444445,1.03649889669261,-3.40794554775184,3.40880996554301,0.369671624474131,0.753048875525787,0.383377251051656,0.383825769063177,0,0,0.00376
"gaussian_phi080_N64_M8_Q8","gaussian_phi080_N64","gaussian","Gaussian","inside formal moment assumptions",0.8,"phi = 0.80",64,8,8,4,100000,0,4.44444444444445,1.70253500823839,-2.74190943620606,2.75823576958423,0.577774396815308,0.808531717995097,0.230757321179788,0.233276083186481,0,1e-05,0.03152
"gaussian_phi080_N64_M16_Q4","gaussian_phi080_N64","gaussian","Gaussian","inside formal moment assumptions",0.8,"phi = 0.80",64,16,4,5,100000,0,4.44444444444445,1.94007312638788,-2.50437131805656,2.55614882198079,0.784521604345677,0.906010809797283,0.121489205451606,0.12401553243248,0,0.00022,0.16902
"gaussian_phi085_N64_M4_Q16","gaussian_phi085_N64","gaussian","Gaussian","inside formal moment assumptions",0.85,"phi = 0.85",64,4,16,2,100000,0,6.12612612612612,1.07495377463604,-5.05117235149008,5.05156441368165,0.296298548536041,0.743738522131649,0.447439973595609,0.447699213623678,0,0,0.01025
"gaussian_phi085_N64_M8_Q8","gaussian_phi085_N64","gaussian","Gaussian","inside formal moment assumptions",0.85,"phi = 0.85",64,8,8,4,100000,0,6.12612612612612,1.82366720972783,-4.30245891639829,4.30902916687076,0.489778694421001,0.794581636826467,0.304802942405466,0.306021974547109,0,2e-05,0.04741
"gaussian_phi085_N64_M16_Q4","gaussian_phi085_N64","gaussian","Gaussian","inside formal moment assumptions",0.85,"phi = 0.85",64,16,4,5,100000,0,6.12612612612612,2.12389380347341,-4.00223232265271,4.0218303077383,0.713877366034755,0.896900191210675,0.18302282517592,0.184059437281057,0,7e-05,0.19229
"gaussian_phi090_N64_M4_Q16","gaussian_phi090_N64","gaussian","Gaussian","inside formal moment assumptions",0.9,"phi = 0.90",64,4,16,2,100000,0,9.47368421052632,1.10983605509471,-8.3638481554316,8.36400703332014,0.217685137197825,0.735281578876181,0.517596441678355,0.517747202783659,0,0,0.03066
"gaussian_phi090_N64_M8_Q8","gaussian_phi090_N64","gaussian","Gaussian","inside formal moment assumptions",0.9,"phi = 0.90",64,8,8,4,100000,0,9.47368421052632,1.93505717683113,-7.53862703369519,7.54088556591461,0.38203832524839,0.781691044348156,0.399652719099766,0.400220472948192,0,0,0.08614
"gaussian_phi090_N64_M16_Q4","gaussian_phi090_N64","gaussian","Gaussian","inside formal moment assumptions",0.9,"phi = 0.90",64,16,4,5,100000,0,9.47368421052632,2.29355096269021,-7.18013324783611,7.18639886108432,0.607421375111014,0.888421303788991,0.280999928677978,0.281395163874279,0,1e-05,0.23913
"gaussian_phi095_N64_M4_Q16","gaussian_phi095_N64","gaussian","Gaussian","inside formal moment assumptions",0.95,"phi = 0.95",64,4,16,2,100000,0,19.4871794871795,1.14283501910557,-18.3443444680739,18.3443869187625,0.136238878202736,0.72727209077656,0.591033212573824,0.591110777150425,0,0,0.11567
"gaussian_phi095_N64_M8_Q8","gaussian_phi095_N64","gaussian","Gaussian","inside formal moment assumptions",0.95,"phi = 0.95",64,8,8,4,100000,0,19.4871794871795,2.03989590704384,-17.4472835801356,17.4478173264214,0.254798270195115,0.769506005670187,0.514707735475072,0.51495115238386,0,0,0.19714
"gaussian_phi095_N64_M16_Q4","gaussian_phi095_N64","gaussian","Gaussian","inside formal moment assumptions",0.95,"phi = 0.95",64,16,4,5,100000,0,19.4871794871795,2.45190433741652,-17.035275149763,17.0366634013807,0.449972693449774,0.880449881445082,0.430477187995307,0.430615025081596,0,0,0.35118
"gaussian_phi000_N729_M9_Q81","gaussian_phi000_N729","gaussian","Gaussian","inside formal moment assumptions",0,"phi = 0.00",729,9,81,4,100000,0,0,-0.0547163296161297,-0.0547163296161297,0.43405771428352,1,1.00597619401989,0.00597619401989191,0.0475995258296476,0,0,0
"gaussian_phi000_N729_M27_Q27","gaussian_phi000_N729","gaussian","Gaussian","inside formal moment assumptions",0,"phi = 0.00",729,27,27,12,100000,0,0,-0.472301503955603,-0.472301503955603,2.31273463348633,1,1.01658470535515,0.0165847053551522,0.0819774796026211,0,0.00266,0
"gaussian_phi000_N729_M81_Q9","gaussian_phi000_N729","gaussian","Gaussian","inside formal moment assumptions",0,"phi = 0.00",729,81,9,12,100000,0,0,-0.472301503955603,-0.472301503955603,2.31273463348633,1,1.00510298626312,0.005102986263124,0.0252238398777296,0,0.00266,0.00424
"gaussian_phi005_N729_M9_Q81","gaussian_phi005_N729","gaussian","Gaussian","inside formal moment assumptions",0.05,"phi = 0.05",729,9,81,4,100000,0,0.100250626566416,0.0449131267148064,-0.0553374998516097,0.409081797863184,0.988997046394663,0.995046233774245,0.00604918737958127,0.0448753980559234,0,1e-05,0
"gaussian_phi005_N729_M27_Q27","gaussian_phi005_N729","gaussian","Gaussian","inside formal moment assumptions",0.05,"phi = 0.05",729,27,27,12,100000,0,0.100250626566416,-0.359246697379092,-0.459497323945508,2.24528529974713,0.996424040078258,1.01257138750703,0.0161473474287717,0.0796241939891212,0,0.00219,0
"gaussian_phi005_N729_M81_Q9","gaussian_phi005_N729","gaussian","Gaussian","inside formal moment assumptions",0.05,"phi = 0.05",729,81,9,12,100000,0,0.100250626566416,-0.359246697379092,-0.459497323945508,2.24528529974713,0.998899704639464,1.00386811923293,0.00496841459346753,0.0244997519966527,0,0.00219,0.00375
"gaussian_phi010_N729_M9_Q81","gaussian_phi010_N729","gaussian","Gaussian","inside formal moment assumptions",0.1,"phi = 0.10",729,9,81,4,100000,0,0.202020202020202,0.152690575851428,-0.0493296261687745,0.379039487790138,0.977824285202145,0.983219056386714,0.00539477118456855,0.04159372200957,0,0,0
"gaussian_phi010_N729_M27_Q27","gaussian_phi010_N729","gaussian","Gaussian","inside formal moment assumptions",0.1,"phi = 0.10",729,27,27,12,100000,0,0.202020202020202,-0.243728709370022,-0.445748911390224,2.18730111657654,0.9927928926834,1.00846658127298,0.0156736885895791,0.0775999400103574,0,0.00174,0
"gaussian_phi010_N729_M81_Q9","gaussian_phi010_N729","gaussian","Gaussian","inside formal moment assumptions",0.1,"phi = 0.10",729,81,9,12,100000,0,0.202020202020202,-0.243728709370022,-0.445748911390224,2.18730111657654,0.997782428517969,1.00260510193015,0.00482267341217812,0.0238769046185715,0,0.00174,0.00394
"gaussian_phi015_N729_M9_Q81","gaussian_phi015_N729","gaussian","Gaussian","inside formal moment assumptions",0.15,"phi = 0.15",729,9,81,4,100000,0,0.30690537084399,0.262252042520564,-0.0446533283234255,0.349517707004936,0.966306214656339,0.971192166872871,0.00488595221653165,0.0383677669899675,0,0,0
"gaussian_phi015_N729_M27_Q27","gaussian_phi015_N729","gaussian","Gaussian","inside formal moment assumptions",0.15,"phi = 0.15",729,27,27,12,100000,0,0.30690537084399,-0.127886042365921,-0.434791413209911,2.13339036122994,0.989049519337075,1.00434787274639,0.0152983534093122,0.075717968370944,1e-05,0.00154,0
"gaussian_phi015_N729_M81_Q9","gaussian_phi015_N729","gaussian","Gaussian","inside formal moment assumptions",0.15,"phi = 0.15",729,81,9,12,100000,0,0.30690537084399,-0.127886042365921,-0.434791413209911,2.13339036122994,0.996630621334485,1.00133780699889,0.00470718566440342,0.0232978364218289,1e-05,0.00154,0.00379
"gaussian_phi020_N729_M9_Q81","gaussian_phi020_N729","gaussian","Gaussian","inside formal moment assumptions",0.2,"phi = 0.20",729,9,81,4,100000,0,0.416666666666667,0.373976026127669,-0.0426906405389972,0.321610423867432,0.954249137293835,0.958923727974662,0.00467459068082654,0.0353167661062714,0,0,0
"gaussian_phi020_N729_M27_Q27","gaussian_phi020_N729","gaussian","Gaussian","inside formal moment assumptions",0.2,"phi = 0.20",729,27,27,12,100000,0,0.416666666666667,0.00329185187829662,-0.41337481478837,2.07265445599175,0.985130961912387,0.999681608818758,0.0145506469063712,0.0735941313533399,0,0.00127,0
"gaussian_phi020_N729_M81_Q9","gaussian_phi020_N729","gaussian","Gaussian","inside formal moment assumptions",0.2,"phi = 0.20",729,81,9,12,100000,0,0.416666666666667,0.00329185187829662,-0.41337481478837,2.07265445599175,0.995424911357658,0.999902033482695,0.0044771221250377,0.02264434810872,0,0.00127,0.00372
"gaussian_phi025_N729_M9_Q81","gaussian_phi025_N729","gaussian","Gaussian","inside formal moment assumptions",0.25,"phi = 0.25",729,9,81,4,100000,0,0.533333333333333,0.489721582755174,-0.0436117505781594,0.295700422906018,0.941429712814481,0.946209237473161,0.00477952465868059,0.0324829100005612,0,0,0
"gaussian_phi025_N729_M27_Q27","gaussian_phi025_N729","gaussian","Gaussian","inside formal moment assumptions",0.25,"phi = 0.25",729,27,27,12,100000,0,0.533333333333333,0.127379991221174,-0.405953342112159,2.02276792928687,0.980964583142674,0.995264699399784,0.0143001162571098,0.0718611685838488,0,8e-04,0
"gaussian_phi025_N729_M81_Q9","gaussian_phi025_N729","gaussian","Gaussian","inside formal moment assumptions",0.25,"phi = 0.25",729,81,9,12,100000,0,0.533333333333333,0.127379991221174,-0.405953342112159,2.02276792928687,0.994142948659284,0.998542984430703,0.00440003577141845,0.0221111287950304,0,8e-04,0.00393
"gaussian_phi030_N729_M9_Q81","gaussian_phi030_N729","gaussian","Gaussian","inside formal moment assumptions",0.3,"phi = 0.30",729,9,81,4,100000,0,0.659340659340659,0.60897613453936,-0.0503645248012993,0.271237805878674,0.927580314419047,0.933104753510883,0.00552443909183642,0.0298061558797927,0,0,0
"gaussian_phi030_N729_M27_Q27","gaussian_phi030_N729","gaussian","Gaussian","inside formal moment assumptions",0.3,"phi = 0.30",729,27,27,12,100000,0,0.659340659340659,0.282831923836038,-0.376508735504622,1.94546853860169,0.976463133119088,0.98973104807335,0.0132679149542625,0.0691498985398721,0,0.00071,0
"gaussian_phi030_N729_M81_Q9","gaussian_phi030_N729","gaussian","Gaussian","inside formal moment assumptions",0.3,"phi = 0.30",729,81,9,12,100000,0,0.659340659340659,0.282831923836038,-0.376508735504622,1.94546853860169,0.992757887113565,0.996840322484108,0.00408243537054231,0.0212768918584222,0,0.00071,0.0039
"gaussian_phi035_N729_M9_Q81","gaussian_phi035_N729","gaussian","Gaussian","inside formal moment assumptions",0.35,"phi = 0.35",729,9,81,4,100000,0,0.797720797720798,0.731107281519799,-0.0666135162009986,0.250540308696716,0.912369717951498,0.919679398578553,0.00730968062705462,0.0275399328015685,0,0,0
"gaussian_phi035_N729_M27_Q27","gaussian_phi035_N729","gaussian","Gaussian","inside formal moment assumptions",0.35,"phi = 0.35",729,27,27,12,100000,0,0.797720797720798,0.417909925580688,-0.379810872140109,1.88370594473887,0.971517885437751,0.98492036223695,0.0134024767991991,0.0669892621539002,0,0.00062,0
"gaussian_phi035_N729_M81_Q9","gaussian_phi035_N729","gaussian","Gaussian","inside formal moment assumptions",0.35,"phi = 0.35",729,81,9,12,100000,0,0.797720797720798,0.417909925580688,-0.379810872140109,1.88370594473887,0.99123627244238,0.995360111457523,0.00412383901514257,0.0206120806627394,0,0.00062,0.00393
"gaussian_phi040_N729_M9_Q81","gaussian_phi040_N729","gaussian","Gaussian","inside formal moment assumptions",0.4,"phi = 0.40",729,9,81,4,100000,0,0.952380952380952,0.855783411881027,-0.0965975404999257,0.236498870089261,0.895377374143502,0.905969454395078,0.0105920802515759,0.025996688897214,0,0,0
"gaussian_phi040_N729_M27_Q27","gaussian_phi040_N729","gaussian","Gaussian","inside formal moment assumptions",0.4,"phi = 0.40",729,27,27,12,100000,0,0.952380952380952,0.602894211006429,-0.349486741374523,1.80171764754942,0.965988619269392,0.978327121279867,0.0123385020104755,0.0641200656331628,0,0.00051,0
"gaussian_phi040_N729_M81_Q9","gaussian_phi040_N729","gaussian","Gaussian","inside formal moment assumptions",0.4,"phi = 0.40",729,81,9,12,100000,0,0.952380952380952,0.602894211006429,-0.349486741374523,1.80171764754942,0.989534959775002,0.993331421932267,0.00379646215726492,0.0197292509640878,0,0.00051,0.00402
"gaussian_phi045_N729_M9_Q81","gaussian_phi045_N729","gaussian","Gaussian","inside formal moment assumptions",0.45,"phi = 0.45",729,9,81,4,100000,0,1.12852664576803,0.982334927344383,-0.146191718423642,0.241106616174472,0.876059213352531,0.89204817095928,0.0159889576067483,0.0264688316666034,0,0,0
"gaussian_phi045_N729_M27_Q27","gaussian_phi045_N729","gaussian","Gaussian","inside formal moment assumptions",0.45,"phi = 0.45",729,27,27,12,100000,0,1.12852664576803,0.794112078512961,-0.334414567255064,1.70610530679129,0.959688360032091,0.971509931379541,0.0118215713474505,0.06076773219996,0,0.00027,0
"gaussian_phi045_N729_M81_Q9","gaussian_phi045_N729","gaussian","Gaussian","inside formal moment assumptions",0.45,"phi = 0.45",729,81,9,12,100000,0,1.12852664576803,0.794112078512961,-0.334414567255064,1.70610530679129,0.987596418465832,0.991233825039859,0.00363740657402711,0.0186977637549195,0,0.00027,0.00378
"gaussian_phi050_N729_M9_Q81","gaussian_phi050_N729","gaussian","Gaussian","inside formal moment assumptions",0.5,"phi = 0.50",729,9,81,4,100000,0,1.33333333333333,1.10882424776129,-0.224509085572046,0.281436151690397,0.853702616811727,0.878128609464346,0.0244259926526191,0.0307491332106963,0,0,0
"gaussian_phi050_N729_M27_Q27","gaussian_phi050_N729","gaussian","Gaussian","inside formal moment assumptions",0.5,"phi = 0.50",729,27,27,12,100000,0,1.33333333333333,1.01916437245387,-0.314168960879463,1.6206163324157,0.952359139168421,0.963476508842813,0.0111173696743921,0.0577691541902331,0,0.00016,0
"gaussian_phi050_N729_M81_Q9","gaussian_phi050_N729","gaussian","Gaussian","inside formal moment assumptions",0.5,"phi = 0.50",729,81,9,12,100000,0,1.33333333333333,1.01916437245387,-0.314168960879463,1.6206163324157,0.985341273476867,0.988762002720866,0.00342072924399894,0.017775124388052,0,0.00016,0.0043
"gaussian_phi055_N729_M9_Q81","gaussian_phi055_N729","gaussian","Gaussian","inside formal moment assumptions",0.55,"phi = 0.55",729,9,81,4,100000,0,1.57706093189964,1.23662195304299,-0.340438978856651,0.371030896855588,0.827367863499333,0.864060001376832,0.0366921378774988,0.0401267310418428,0,0,0
"gaussian_phi055_N729_M27_Q27","gaussian_phi055_N729","gaussian","Gaussian","inside formal moment assumptions",0.55,"phi = 0.55",729,27,27,12,100000,0,1.57706093189964,1.2793517022552,-0.297709229644438,1.51159350709023,0.943631719776713,0.954183608268414,0.0105518884917015,0.0539378733852738,0,6e-05,0
"gaussian_phi055_N729_M81_Q9","gaussian_phi055_N729","gaussian","Gaussian","inside formal moment assumptions",0.55,"phi = 0.55",729,81,9,12,100000,0,1.57706093189964,1.2793517022552,-0.297709229644438,1.51159350709023,0.982655912018172,0.985902648697974,0.0032467366798018,0.0165962690780988,0,6e-05,0.0038
"gaussian_phi060_N729_M9_Q81","gaussian_phi060_N729","gaussian","Gaussian","inside formal moment assumptions",0.6,"phi = 0.60",729,9,81,4,100000,0,1.875,1.36170905439774,-0.513290945602262,0.528860731540877,0.795813030881898,0.850284801039342,0.0544717701574442,0.0562495439680843,0,0,0
"gaussian_phi060_N729_M27_Q27","gaussian_phi060_N729","gaussian","Gaussian","inside formal moment assumptions",0.6,"phi = 0.60",729,27,27,12,100000,0,1.875,1.5995016747037,-0.275498325296297,1.37416556063253,0.932955202770088,0.94273881495861,0.00978361218852275,0.0490965867402064,0,2e-05,0
"gaussian_phi060_N729_M81_Q9","gaussian_phi060_N729","gaussian","Gaussian","inside formal moment assumptions",0.6,"phi = 0.60",729,81,9,12,100000,0,1.875,1.5995016747037,-0.275498325296297,1.37416556063253,0.979370809695719,0.982381173833418,0.00301036413769884,0.0151066464431487,0,2e-05,0.00374
"gaussian_phi065_N729_M9_Q81","gaussian_phi065_N729","gaussian","Gaussian","inside formal moment assumptions",0.65,"phi = 0.65",729,9,81,4,100000,0,2.25108225108225,1.48282338032529,-0.768258870756964,0.775991612105941,0.757398994327652,0.836942425668981,0.0795434313413281,0.0804494708281911,0,0,0
"gaussian_phi065_N729_M27_Q27","gaussian_phi065_N729","gaussian","Gaussian","inside formal moment assumptions",0.65,"phi = 0.65",729,27,27,12,100000,0,2.25108225108225,1.96052657576059,-0.29055567532166,1.24336636813406,0.919466548801925,0.929816750121067,0.0103502013191418,0.0444838035062171,0,0,0
"gaussian_phi065_N729_M81_Q9","gaussian_phi065_N729","gaussian","Gaussian","inside formal moment assumptions",0.65,"phi = 0.65",729,81,9,12,100000,0,2.25108225108225,1.96052657576059,-0.29055567532166,1.24336636813406,0.975220247916654,0.978405153883405,0.00318490596675058,0.013687377355514,0,0,0.00439
"gaussian_phi070_N729_M9_Q81","gaussian_phi070_N729","gaussian","Gaussian","inside formal moment assumptions",0.7,"phi = 0.70",729,9,81,4,100000,0,2.74509803921569,1.60136309284964,-1.14373494636604,1.14742325416241,0.709970838936796,0.823879270170014,0.113908431233218,0.114358139258581,0,0,0
"gaussian_phi070_N729_M27_Q27","gaussian_phi070_N729","gaussian","Gaussian","inside formal moment assumptions",0.7,"phi = 0.70",729,27,27,12,100000,0,2.74509803921569,2.40051832980237,-0.344579709413321,1.09689987683452,0.901731914812218,0.914048455404894,0.0123165405926761,0.0393065529747889,0,0,0
"gaussian_phi070_N729_M81_Q9","gaussian_phi070_N729","gaussian","Gaussian","inside formal moment assumptions",0.7,"phi = 0.70",729,81,9,12,100000,0,2.74509803921569,2.40051832980237,-0.344579709413321,1.09689987683452,0.96976160263507,0.973553370893813,0.00379176825874317,0.012094970727674,0,0,0.00437
"gaussian_phi075_N729_M9_Q81","gaussian_phi075_N729","gaussian","Gaussian","inside formal moment assumptions",0.75,"phi = 0.75",729,9,81,4,100000,0,3.42857142857143,1.71572697802844,-1.71284445054299,1.71456287791386,0.650711681458349,0.811272135682631,0.160560454224283,0.160783246466971,0,0,0
"gaussian_phi075_N729_M27_Q27","gaussian_phi075_N729","gaussian","Gaussian","inside formal moment assumptions",0.75,"phi = 0.75",729,27,27,12,100000,0,3.42857142857143,2.90629315304582,-0.522278275525604,1.02246471947079,0.877195176627387,0.895893100208303,0.0186979235809152,0.0366843114088482,0,0,0
"gaussian_phi075_N729_M81_Q9","gaussian_phi075_N729","gaussian","Gaussian","inside formal moment assumptions",0.75,"phi = 0.75",729,81,9,12,100000,0,3.42857142857143,2.90629315304582,-0.522278275525604,1.02246471947079,0.962197282932936,0.967967107756401,0.00576982482346433,0.011295959423762,0,0,0.00439
"gaussian_phi080_N729_M9_Q81","gaussian_phi080_N729","gaussian","Gaussian","inside formal moment assumptions",0.8,"phi = 0.80",729,9,81,4,100000,0,4.44444444444445,1.82586608725665,-2.61857835718779,2.61931982845699,0.575964643263303,0.799126909920464,0.22316226665716,0.223268080043197,0,0,0
"gaussian_phi080_N729_M27_Q27","gaussian_phi080_N729","gaussian","Gaussian","inside formal moment assumptions",0.8,"phi = 0.80",729,27,27,12,100000,0,4.44444444444445,3.48795436155719,-0.956490082887252,1.18590023308808,0.840915700010791,0.874978650915965,0.0340629509051743,0.0423836746278972,0,0,0
"gaussian_phi080_N729_M81_Q9","gaussian_phi080_N729","gaussian","Gaussian","inside formal moment assumptions",0.8,"phi = 0.80",729,81,9,12,100000,0,4.44444444444445,3.48795436155719,-0.956490082887252,1.18590023308808,0.950927772594467,0.961531892589528,0.0106041199950607,0.0131403583562521,0,0,0.00489
"gaussian_phi085_N729_M9_Q81","gaussian_phi085_N729","gaussian","Gaussian","inside formal moment assumptions",0.85,"phi = 0.85",729,9,81,4,100000,0,6.12612612612612,1.93083755906051,-4.19528856706561,4.19557359554499,0.481018724077803,0.787548040066553,0.30652931598875,0.306576790484967,0,0,0
"gaussian_phi085_N729_M27_Q27","gaussian_phi085_N729","gaussian","Gaussian","inside formal moment assumptions",0.85,"phi = 0.85",729,27,27,12,100000,0,6.12612612612612,4.13030960129726,-1.99581652482886,2.06382838928525,0.782501410379872,0.85183819337633,0.0693367829964586,0.0718776374224434,0,0,0
"gaussian_phi085_N729_M81_Q9","gaussian_phi085_N729","gaussian","Gaussian","inside formal moment assumptions",0.85,"phi = 0.85",729,81,9,12,100000,0,6.12612612612612,4.13030960129726,-1.99581652482886,2.06382838928525,0.932202691215504,0.954411751808102,0.0222090605925976,0.0229610997894835,0,0,0.0049
"gaussian_phi090_N729_M9_Q81","gaussian_phi090_N729","gaussian","Gaussian","inside formal moment assumptions",0.9,"phi = 0.90",729,9,81,4,100000,0,9.47368421052632,2.03072477741607,-7.44295943311024,7.44304945549307,0.359855952718894,0.776526827738583,0.416670875019689,0.416690456288687,0,0,0
"gaussian_phi090_N729_M27_Q27","gaussian_phi090_N729","gaussian","Gaussian","inside formal moment assumptions",0.9,"phi = 0.90",729,27,27,12,100000,0,9.47368421052632,4.81095229841679,-4.66273191210953,4.67671021054149,0.678341578658092,0.827269583391067,0.148928004732975,0.149498908713237,0,0,0
"gaussian_phi090_N729_M81_Q9","gaussian_phi090_N729","gaussian","Gaussian","inside formal moment assumptions",0.9,"phi = 0.90",729,81,9,12,100000,0,9.47368421052632,4.81095229841679,-4.66273191210953,4.67671021054149,0.894690844548443,0.946852179504943,0.0521613349565,0.0523157229069815,0,0,0.00513
"gaussian_phi095_N729_M9_Q81","gaussian_phi095_N729","gaussian","Gaussian","inside formal moment assumptions",0.95,"phi = 0.95",729,9,81,4,100000,0,19.4871794871795,2.12560765548915,-17.3615718316903,17.3615886931747,0.204877079348305,0.766054934861621,0.561177855513316,0.561184211126201,0,0,0
"gaussian_phi095_N729_M27_Q27","gaussian_phi095_N729","gaussian","Gaussian","inside formal moment assumptions",0.95,"phi = 0.95",729,27,27,12,100000,0,19.4871794871795,5.50627823582347,-13.980901251356,13.9825384405423,0.471542796484232,0.802120063899285,0.330577267415053,0.330667997353919,0,0,2e-05
"gaussian_phi095_N729_M81_Q9","gaussian_phi095_N729","gaussian","Gaussian","inside formal moment assumptions",0.95,"phi = 0.95",729,81,9,12,100000,0,19.4871794871795,5.50627823582347,-13.980901251356,13.9825384405423,0.784153695303886,0.939113865815165,0.154960170511279,0.154978496639053,0,0,0.00807
"gaussian_phi000_N4096_M16_Q256","gaussian_phi000_N4096","gaussian","Gaussian","inside formal moment assumptions",0,"phi = 0.00",4096,16,256,8,100000,0,0,-0.0381867860577936,-0.0381867860577936,0.459017676118837,1,1.00237414900424,0.00237414900424415,0.0285743322899539,0,0,0
"gaussian_phi000_N4096_M64_Q64","gaussian_phi000_N4096","gaussian","Gaussian","inside formal moment assumptions",0,"phi = 0.00",4096,64,64,17,100000,0,0,-0.156048498115324,-0.156048498115324,1.3835023219931,1,1.00239297482257,0.00239297482256773,0.0212724712422987,0,0,0
"gaussian_phi000_N4096_M256_Q16","gaussian_phi000_N4096","gaussian","Gaussian","inside formal moment assumptions",0,"phi = 0.00",4096,256,16,17,100000,0,0,-0.156048498115324,-0.156048498115324,1.3835023219931,1,1.00056975591013,0.000569755910134973,0.0050648741053092,0,0,6e-05
"gaussian_phi005_N4096_M16_Q256","gaussian_phi005_N4096","gaussian","Gaussian","inside formal moment assumptions",0.05,"phi = 0.05",4096,16,256,8,100000,0,0.100250626566416,0.0672300900419285,-0.0330205365244875,0.440306616997071,0.993758658331824,0.995811534171819,0.00205287583999514,0.0274110526970259,0,0,0
"gaussian_phi005_N4096_M64_Q64","gaussian_phi005_N4096","gaussian","Gaussian","inside formal moment assumptions",0.05,"phi = 0.05",4096,64,64,17,100000,0,0.100250626566416,-0.0502506458780736,-0.15050127244449,1.36175253521218,0.998458021470215,1.00076601206531,0.00230799059509823,0.0209392954327921,0,0,0
"gaussian_phi005_N4096_M256_Q16","gaussian_phi005_N4096","gaussian","Gaussian","inside formal moment assumptions",0.05,"phi = 0.05",4096,256,16,17,100000,0,0.100250626566416,-0.0502506458780736,-0.15050127244449,1.36175253521218,0.999632862254813,1.00018238382507,0.000549521570261335,0.0049855465316172,0,0,2e-05
"gaussian_phi010_N4096_M16_Q256","gaussian_phi010_N4096","gaussian","Gaussian","inside formal moment assumptions",0.1,"phi = 0.10",4096,16,256,8,100000,0,0.202020202020202,0.170074284512491,-0.0319459175077108,0.425861359421616,0.987422438369948,0.989408698403882,0.00198626003393432,0.0265131639955989,0,0,0
"gaussian_phi010_N4096_M64_Q64","gaussian_phi010_N4096","gaussian","Gaussian","inside formal moment assumptions",0.1,"phi = 0.10",4096,64,64,17,100000,0,0.202020202020202,0.0559073463037617,-0.14611285571644,1.33914103741349,0.996892602420811,0.999133432519519,0.00224083009870824,0.020592718339806,0,0,0
"gaussian_phi010_N4096_M256_Q16","gaussian_phi010_N4096","gaussian","Gaussian","inside formal moment assumptions",0.1,"phi = 0.10",4096,256,16,17,100000,0,0.202020202020202,0.0559073463037617,-0.14611285571644,1.33914103741349,0.999260143433526,0.999793674409409,0.000533530975882712,0.00490302817614428,0,0,1e-05
"gaussian_phi015_N4096_M16_Q256","gaussian_phi015_N4096","gaussian","Gaussian","inside formal moment assumptions",0.15,"phi = 0.15",4096,16,256,8,100000,0,0.30690537084399,0.27633213878546,-0.0305732320585298,0.410052234800973,0.980891910659068,0.982793002710401,0.00190109205133349,0.0255303674611149,0,0,0
"gaussian_phi015_N4096_M64_Q64","gaussian_phi015_N4096","gaussian","Gaussian","inside formal moment assumptions",0.15,"phi = 0.15",4096,64,64,17,100000,0,0.30690537084399,0.160499361533937,-0.146406009310052,1.31954755652626,0.995279177927534,0.997524827857808,0.00224564993027376,0.0202924367525824,0,0,0
"gaussian_phi015_N4096_M256_Q16","gaussian_phi015_N4096","gaussian","Gaussian","inside formal moment assumptions",0.15,"phi = 0.15",4096,256,16,17,100000,0,0.30690537084399,0.160499361533937,-0.146406009310052,1.31954755652626,0.998875994744651,0.999410673299478,0.00053467855482725,0.00483153256013868,0,0,4e-05
"gaussian_phi020_N4096_M16_Q256","gaussian_phi020_N4096","gaussian","Gaussian","inside formal moment assumptions",0.2,"phi = 0.20",4096,16,256,8,100000,0,0.416666666666667,0.388261694302155,-0.0284049723645117,0.39390880688918,0.974057419578171,0.975823796426381,0.00176637684820946,0.0245266685760869,0,0,0
"gaussian_phi020_N4096_M64_Q64","gaussian_phi020_N4096","gaussian","Gaussian","inside formal moment assumptions",0.2,"phi = 0.20",4096,64,64,17,100000,0,0.416666666666667,0.2811157707595,-0.135550895907167,1.28784678668531,0.993590656601624,0.995669742019456,0.00207908541783242,0.0198064341207718,0,0,0
"gaussian_phi020_N4096_M256_Q16","gaussian_phi020_N4096","gaussian","Gaussian","inside formal moment assumptions",0.2,"phi = 0.20",4096,256,16,17,100000,0,0.416666666666667,0.2811157707595,-0.135550895907167,1.28784678668531,0.998473965857529,0.998968986195109,0.000495020337579422,0.00471581764780281,0,0,1e-05
"gaussian_phi025_N4096_M16_Q256","gaussian_phi025_N4096","gaussian","Gaussian","inside formal moment assumptions",0.25,"phi = 0.25",4096,16,256,8,100000,0,0.533333333333333,0.503055348089961,-0.0302779852433728,0.377771366500646,0.966792551121188,0.968675854269751,0.001883303148563,0.0235232011981407,0,0,0
"gaussian_phi025_N4096_M64_Q64","gaussian_phi025_N4096","gaussian","Gaussian","inside formal moment assumptions",0.25,"phi = 0.25",4096,64,64,17,100000,0,0.533333333333333,0.395859177607563,-0.137474155725771,1.26639744244718,0.99179580674567,0.993904805286654,0.00210899854098401,0.019477656504025,0,0,0
"gaussian_phi025_N4096_M256_Q16","gaussian_phi025_N4096","gaussian","Gaussian","inside formal moment assumptions",0.25,"phi = 0.25",4096,256,16,17,100000,0,0.533333333333333,0.395859177607563,-0.137474155725771,1.26639744244718,0.998046620653731,0.998548763163489,0.000502142509757664,0.00463753726286309,0,0,6e-05
"gaussian_phi030_N4096_M16_Q256","gaussian_phi030_N4096","gaussian","Gaussian","inside formal moment assumptions",0.3,"phi = 0.30",4096,16,256,8,100000,0,0.659340659340659,0.632494200565381,-0.0268464587752779,0.360331752436271,0.958945572202449,0.9606154853055,0.00166991310305109,0.0224387627701641,0,0,0
"gaussian_phi030_N4096_M64_Q64","gaussian_phi030_N4096","gaussian","Gaussian","inside formal moment assumptions",0.3,"phi = 0.30",4096,64,64,17,100000,0,0.659340659340659,0.528963931453952,-0.130376727886708,1.24131637754381,0.989857141323831,0.991857305947965,0.00200016462413366,0.0190932327451437,0,0,0
"gaussian_phi030_N4096_M256_Q16","gaussian_phi030_N4096","gaussian","Gaussian","inside formal moment assumptions",0.3,"phi = 0.30",4096,256,16,17,100000,0,0.659340659340659,0.528963931453952,-0.130376727886708,1.24131637754381,0.997585033648531,0.998061263320944,0.000476229672412898,0.0045460077964628,0,0,1e-05
"gaussian_phi035_N4096_M16_Q256","gaussian_phi035_N4096","gaussian","Gaussian","inside formal moment assumptions",0.35,"phi = 0.35",4096,16,256,8,100000,0,0.797720797720798,0.77179048076346,-0.0259303169573373,0.341893801169802,0.950327534711491,0.951940697725982,0.00161316301449099,0.0212921017269347,0,0,0
"gaussian_phi035_N4096_M64_Q64","gaussian_phi035_N4096","gaussian","Gaussian","inside formal moment assumptions",0.35,"phi = 0.35",4096,64,64,17,100000,0,0.797720797720798,0.669074484566216,-0.128646313154581,1.2120677728203,0.987727978539268,0.989701922042034,0.00197394350276614,0.0186446263355881,0,0,0
"gaussian_phi035_N4096_M256_Q16","gaussian_phi035_N4096","gaussian","Gaussian","inside formal moment assumptions",0.35,"phi = 0.35",4096,256,16,17,100000,0,0.797720797720798,0.669074484566216,-0.128646313154581,1.2120677728203,0.997078090128397,0.997548076676675,0.000469986548277568,0.00443919674656858,0,0,2e-05
"gaussian_phi040_N4096_M16_Q256","gaussian_phi040_N4096","gaussian","Gaussian","inside formal moment assumptions",0.4,"phi = 0.40",4096,16,256,8,100000,0,0.952380952380952,0.926200123250686,-0.0261808291302663,0.322272702434354,0.940694941613834,0.942324004671964,0.00162906305813038,0.020071731057782,0,0,0
"gaussian_phi040_N4096_M64_Q64","gaussian_phi040_N4096","gaussian","Gaussian","inside formal moment assumptions",0.4,"phi = 0.40",4096,64,64,17,100000,0,0.952380952380952,0.823672952541971,-0.128707999838982,1.17867318252654,0.985348155728174,0.987323497233348,0.00197534150517487,0.0181324857800554,0,0,0
"gaussian_phi040_N4096_M256_Q16","gaussian_phi040_N4096","gaussian","Gaussian","inside formal moment assumptions",0.4,"phi = 0.40",4096,256,16,17,100000,0,0.952380952380952,0.823672952541971,-0.128707999838982,1.17867318252654,0.996511465649565,0.996981785055559,0.000470319405994069,0.00431725851906082,0,0,2e-05
"gaussian_phi045_N4096_M16_Q256","gaussian_phi045_N4096","gaussian","Gaussian","inside formal moment assumptions",0.45,"phi = 0.45",4096,16,256,8,100000,0,1.12852664576803,1.09802095830604,-0.0305056874619827,0.301217727410251,0.929723440729412,0.931622065847096,0.00189862511768468,0.0187619647447312,0,0,0
"gaussian_phi045_N4096_M64_Q64","gaussian_phi045_N4096","gaussian","Gaussian","inside formal moment assumptions",0.45,"phi = 0.45",4096,64,64,17,100000,0,1.12852664576803,1.00880038592928,-0.119726259838745,1.14150729178498,0.982637506660216,0.984475118705693,0.00183761204547717,0.0175627213541777,0,0,0
"gaussian_phi045_N4096_M256_Q16","gaussian_phi045_N4096","gaussian","Gaussian","inside formal moment assumptions",0.45,"phi = 0.45",4096,256,16,17,100000,0,1.12852664576803,1.00880038592928,-0.119726259838745,1.14150729178498,0.995866073014337,0.996303599691831,0.00043752667749386,0.00418160032242326,0,0,0
"gaussian_phi050_N4096_M16_Q256","gaussian_phi050_N4096","gaussian","Gaussian","inside formal moment assumptions",0.5,"phi = 0.50",4096,16,256,8,100000,0,1.33333333333333,1.29059280537853,-0.0427405279548003,0.278561749247117,0.916966429908824,0.919626558903308,0.00266012899448353,0.0173522427226455,0,0,0
"gaussian_phi050_N4096_M64_Q64","gaussian_phi050_N4096","gaussian","Gaussian","inside formal moment assumptions",0.5,"phi = 0.50",4096,64,64,17,100000,0,1.33333333333333,1.2163191287466,-0.117014204586738,1.0985478495171,0.979485509605992,0.981281925933559,0.00179641632756755,0.0169035166916982,0,0,0
"gaussian_phi050_N4096_M256_Q16","gaussian_phi050_N4096","gaussian","Gaussian","inside formal moment assumptions",0.5,"phi = 0.50",4096,256,16,17,100000,0,1.33333333333333,1.2163191287466,-0.117014204586738,1.0985478495171,0.995115597525236,0.995543315698466,0.000427718173230174,0.00402464683135673,0,0,9e-05
"gaussian_phi055_N4096_M16_Q256","gaussian_phi055_N4096","gaussian","Gaussian","inside formal moment assumptions",0.55,"phi = 0.55",4096,16,256,8,100000,0,1.57706093189964,1.50843125770707,-0.0686296741925743,0.259568199130076,0.901787813136691,0.906055765814481,0.00426795267778968,0.0161691529733311,0,0,0
"gaussian_phi055_N4096_M64_Q64","gaussian_phi055_N4096","gaussian","Gaussian","inside formal moment assumptions",0.55,"phi = 0.55",4096,64,64,17,100000,0,1.57706093189964,1.46211295610835,-0.114947975791291,1.04932873725929,0.975734104612971,0.977499326971824,0.00176522235885279,0.0161482983356228,0,0,0
"gaussian_phi055_N4096_M256_Q16","gaussian_phi055_N4096","gaussian","Gaussian","inside formal moment assumptions",0.55,"phi = 0.55",4096,256,16,17,100000,0,1.57706093189964,1.46211295610835,-0.114947975791291,1.04932873725929,0.994222405860231,0.994642696898054,0.000420291037822595,0.00384483293705305,0,0,1e-05
"gaussian_phi060_N4096_M16_Q256","gaussian_phi060_N4096","gaussian","Gaussian","inside formal moment assumptions",0.6,"phi = 0.60",4096,16,256,8,100000,0,1.875,1.74890625200562,-0.126093747994377,0.256232374428728,0.883249879589792,0.891073071922558,0.00782319233276563,0.0159488851345095,0,0,0
"gaussian_phi060_N4096_M64_Q64","gaussian_phi060_N4096","gaussian","Gaussian","inside formal moment assumptions",0.6,"phi = 0.60",4096,64,64,17,100000,0,1.875,1.76796722769864,-0.107032772301363,0.991182257013427,0.971147681128447,0.972791751937206,0.00164407080875972,0.0152559229321333,0,0,0
"gaussian_phi060_N4096_M256_Q16","gaussian_phi060_N4096","gaussian","Gaussian","inside formal moment assumptions",0.6,"phi = 0.60",4096,256,16,17,100000,0,1.875,1.76796722769864,-0.107032772301363,0.991182257013427,0.993130400268678,0.993521845699335,0.000391445430656834,0.00363236260288887,0,0,2e-05
"gaussian_phi065_N4096_M16_Q256","gaussian_phi065_N4096","gaussian","Gaussian","inside formal moment assumptions",0.65,"phi = 0.65",4096,16,256,8,100000,0,2.25108225108225,2.01511903123993,-0.235963219842322,0.306462874591295,0.859922807816733,0.874484701108738,0.0145618932920051,0.0189881492999806,0,0,0
"gaussian_phi065_N4096_M64_Q64","gaussian_phi065_N4096","gaussian","Gaussian","inside formal moment assumptions",0.65,"phi = 0.65",4096,64,64,17,100000,0,2.25108225108225,2.1519441372329,-0.0991381138493566,0.923780330745688,0.965357381542586,0.966880679210301,0.00152329766771531,0.014221344815578,0,0,0
"gaussian_phi065_N4096_M256_Q16","gaussian_phi065_N4096","gaussian","Gaussian","inside formal moment assumptions",0.65,"phi = 0.65",4096,256,16,17,100000,0,2.25108225108225,2.1519441372329,-0.0991381138493566,0.923780330745688,0.99175175751013,0.992114447431024,0.000362689920893722,0.0033860344799005,0,0,3e-05
"gaussian_phi070_N4096_M16_Q256","gaussian_phi070_N4096","gaussian","Gaussian","inside formal moment assumptions",0.7,"phi = 0.70",4096,16,256,8,100000,0,2.74509803921569,2.30539876052862,-0.439699278687068,0.469786217005766,0.829557506482024,0.856394175275888,0.0268366687938643,0.028748896287554,0,0,0
"gaussian_phi070_N4096_M64_Q64","gaussian_phi070_N4096","gaussian","Gaussian","inside formal moment assumptions",0.7,"phi = 0.70",4096,64,64,17,100000,0,2.74509803921569,2.62689626165268,-0.118201777563009,0.83839483675114,0.957749717378628,0.959567557329665,0.00181783995103657,0.0129100671700485,0,0,0
"gaussian_phi070_N4096_M256_Q16","gaussian_phi070_N4096","gaussian","Gaussian","inside formal moment assumptions",0.7,"phi = 0.70",4096,256,16,17,100000,0,2.74509803921569,2.62689626165268,-0.118201777563009,0.83839483675114,0.989940408898427,0.990373227935634,0.000432819037207266,0.00307382551685372,0,0,2e-05
"gaussian_phi075_N4096_M16_Q256","gaussian_phi075_N4096","gaussian","Gaussian","inside formal moment assumptions",0.75,"phi = 0.75",4096,16,256,8,100000,0,3.42857142857143,2.61356941885154,-0.815002009719893,0.826471467292354,0.788522019978177,0.837185815052117,0.0486637950739401,0.0494097036885005,0,0,0
"gaussian_phi075_N4096_M64_Q64","gaussian_phi075_N4096","gaussian","Gaussian","inside formal moment assumptions",0.75,"phi = 0.75",4096,64,64,17,100000,0,3.42857142857143,3.23903576395423,-0.189535664617196,0.750935199707238,0.947221447064343,0.950139432081336,0.00291798501699247,0.0115668643987834,0,0,0
"gaussian_phi075_N4096_M256_Q16","gaussian_phi075_N4096","gaussian","Gaussian","inside formal moment assumptions",0.75,"phi = 0.75",4096,256,16,17,100000,0,3.42857142857143,3.23903576395423,-0.189535664617196,0.750935199707238,0.987433677743647,0.988128436209842,0.000694758466195489,0.00275401536554013,0,0,2e-05
"gaussian_phi080_N4096_M16_Q256","gaussian_phi080_N4096","gaussian","Gaussian","inside formal moment assumptions",0.8,"phi = 0.80",4096,16,256,8,100000,0,4.44444444444445,2.93651916978012,-1.50792527466433,1.51190585414204,0.73083397719291,0.817053133618098,0.0862191564251882,0.086489685637131,0,0,0
"gaussian_phi080_N4096_M64_Q64","gaussian_phi080_N4096","gaussian","Gaussian","inside formal moment assumptions",0.8,"phi = 0.80",4096,64,64,17,100000,0,4.44444444444445,4.02814159342307,-0.416302851021375,0.730854702877728,0.931566413397188,0.937981371875877,0.00641495847868911,0.0112623765657769,0,0,0
"gaussian_phi080_N4096_M256_Q16","gaussian_phi080_N4096","gaussian","Gaussian","inside formal moment assumptions",0.8,"phi = 0.80",4096,256,16,17,100000,0,4.44444444444445,4.02814159342307,-0.416302851021375,0.730854702877728,0.983706278514013,0.985233659970447,0.0015273814564345,0.00268152414806574,0,0,2e-05
"gaussian_phi085_N4096_M16_Q256","gaussian_phi085_N4096","gaussian","Gaussian","inside formal moment assumptions",0.85,"phi = 0.85",4096,16,256,8,100000,0,6.12612612612612,3.26658037011248,-2.85954575601365,2.86076482518604,0.646513536160445,0.796473812534999,0.149960276374554,0.150050652214335,0,0,0
"gaussian_phi085_N4096_M64_Q64","gaussian_phi085_N4096","gaussian","Gaussian","inside formal moment assumptions",0.85,"phi = 0.85",4096,64,64,17,100000,0,6.12612612612612,5.00238304795632,-1.12374307816981,1.21501614808778,0.905636691847391,0.922964163590032,0.0173274717426409,0.0187345479884096,0,0,0
"gaussian_phi085_N4096_M256_Q16","gaussian_phi085_N4096","gaussian","Gaussian","inside formal moment assumptions",0.85,"phi = 0.85",4096,256,16,17,100000,0,6.12612612612612,5.00238304795632,-1.12374307816981,1.21501614808778,0.977531851904066,0.981658134188103,0.00412628228403733,0.00446124833903578,0,0,8e-05
"gaussian_phi090_N4096_M16_Q256","gaussian_phi090_N4096","gaussian","Gaussian","inside formal moment assumptions",0.9,"phi = 0.90",4096,16,256,8,100000,0,9.47368421052632,3.59574701676849,-5.87793719375783,5.87823729136789,0.51881300590167,0.775946936661651,0.25713393075998,0.257160611563318,0,0,0
"gaussian_phi090_N4096_M64_Q64","gaussian_phi090_N4096","gaussian","Gaussian","inside formal moment assumptions",0.9,"phi = 0.90",4096,64,64,17,100000,0,9.47368421052632,6.14907974576714,-3.32460446475918,3.33953958946075,0.854123722279037,0.905279295761473,0.0511555734824358,0.0513865645847608,0,0,0
"gaussian_phi090_N4096_M256_Q16","gaussian_phi090_N4096","gaussian","Gaussian","inside formal moment assumptions",0.9,"phi = 0.90",4096,256,16,17,100000,0,9.47368421052632,6.14907974576714,-3.32460446475918,3.33953958946075,0.965225902838668,0.977447451371779,0.0122215485331106,0.0122763598243685,0,0,4e-05
"gaussian_phi095_N4096_M16_Q256","gaussian_phi095_N4096","gaussian","Gaussian","inside formal moment assumptions",0.95,"phi = 0.95",4096,16,256,8,100000,0,19.4871794871795,3.91945793421496,-15.5677215529645,15.5677629159404,0.3196236391894,0.755757042589809,0.436133403400409,0.43613914768859,0,0,0
"gaussian_phi095_N4096_M64_Q64","gaussian_phi095_N4096","gaussian","Gaussian","inside formal moment assumptions",0.95,"phi = 0.95",4096,64,64,17,100000,0,19.4871794871795,7.42175519096969,-12.0654242962098,12.0666953771383,0.71031785671029,0.885639696116473,0.175321839406183,0.175342683052252,0,0,0
"gaussian_phi095_N4096_M256_Q16","gaussian_phi095_N4096","gaussian","Gaussian","inside formal moment assumptions",0.95,"phi = 0.95",4096,256,16,17,100000,0,19.4871794871795,7.42175519096969,-12.0654242962098,12.0666953771383,0.928294822805137,0.972771356218208,0.0444765334130707,0.0444811912391996,0,0,4e-05
